Date,Day,Day_Name,Weekday_Number,Month_Number,Month_Name,Quarter,Year,Year_Month
2021-10-09,9,Saturday,6,10,October,Q4,2021,2021-10
2021-10-10,10,Sunday,7,10,October,Q4,2021,2021-10
2021-10-11,11,Monday,1,10,October,Q4,2021,2021-10
2021-10-12,12,Tuesday,2,10,October,Q4,2021,2021-10
2021-10-13,13,Wednesday,3,10,October,Q4,2021,2021-10
2021-10-14,14,Thursday,4,10,October,Q4,2021,2021-10
2021-10-15,15,Friday,5,10,October,Q4,2021,2021-10
2021-10-16,16,Saturday,6,10,October,Q4,2021,2021-10
2021-10-17,17,Sunday,7,10,October,Q4,2021,2021-10
2021-10-18,18,Monday,1,10,October,Q4,2021,2021-10
2021-10-19,19,Tuesday,2,10,October,Q4,2021,2021-10
2021-10-20,20,Wednesday,3,10,October,Q4,2021,2021-10
2021-10-21,21,Thursday,4,10,October,Q4,2021,2021-10
2021-10-22,22,Friday,5,10,October,Q4,2021,2021-10
2021-10-23,23,Saturday,6,10,October,Q4,2021,2021-10
2021-10-24,24,Sunday,7,10,October,Q4,2021,2021-10
2021-10-25,25,Monday,1,10,October,Q4,2021,2021-10
2021-10-26,26,Tuesday,2,10,October,Q4,2021,2021-10
2021-10-27,27,Wednesday,3,10,October,Q4,2021,2021-10
2021-10-28,28,Thursday,4,10,October,Q4,2021,2021-10
2021-10-29,29,Friday,5,10,October,Q4,2021,2021-10
2021-10-30,30,Saturday,6,10,October,Q4,2021,2021-10
2021-10-31,31,Sunday,7,10,October,Q4,2021,2021-10
2021-11-01,1,Monday,1,11,November,Q4,2021,2021-11
2021-11-02,2,Tuesday,2,11,November,Q4,2021,2021-11
2021-11-03,3,Wednesday,3,11,November,Q4,2021,2021-11
2021-11-04,4,Thursday,4,11,November,Q4,2021,2021-11
2021-11-05,5,Friday,5,11,November,Q4,2021,2021-11
2021-11-06,6,Saturday,6,11,November,Q4,2021,2021-11
2021-11-07,7,Sunday,7,11,November,Q4,2021,2021-11
2021-11-08,8,Monday,1,11,November,Q4,2021,2021-11
2021-11-09,9,Tuesday,2,11,November,Q4,2021,2021-11
2021-11-10,10,Wednesday,3,11,November,Q4,2021,2021-11
2021-11-11,11,Thursday,4,11,November,Q4,2021,2021-11
2021-11-12,12,Friday,5,11,November,Q4,2021,2021-11
2021-11-13,13,Saturday,6,11,November,Q4,2021,2021-11
2021-11-14,14,Sunday,7,11,November,Q4,2021,2021-11
2021-11-15,15,Monday,1,11,November,Q4,2021,2021-11
2021-11-16,16,Tuesday,2,11,November,Q4,2021,2021-11
2021-11-17,17,Wednesday,3,11,November,Q4,2021,2021-11
2021-11-18,18,Thursday,4,11,November,Q4,2021,2021-11
2021-11-19,19,Friday,5,11,November,Q4,2021,2021-11
2021-11-20,20,Saturday,6,11,November,Q4,2021,2021-11
2021-11-21,21,Sunday,7,11,November,Q4,2021,2021-11
2021-11-22,22,Monday,1,11,November,Q4,2021,2021-11
2021-11-23,23,Tuesday,2,11,November,Q4,2021,2021-11
2021-11-24,24,Wednesday,3,11,November,Q4,2021,2021-11
2021-11-25,25,Thursday,4,11,November,Q4,2021,2021-11
2021-11-26,26,Friday,5,11,November,Q4,2021,2021-11
2021-11-27,27,Saturday,6,11,November,Q4,2021,2021-11
2021-11-28,28,Sunday,7,11,November,Q4,2021,2021-11
2021-11-29,29,Monday,1,11,November,Q4,2021,2021-11
2021-11-30,30,Tuesday,2,11,November,Q4,2021,2021-11
2021-12-01,1,Wednesday,3,12,December,Q4,2021,2021-12
2021-12-02,2,Thursday,4,12,December,Q4,2021,2021-12
2021-12-03,3,Friday,5,12,December,Q4,2021,2021-12
2021-12-04,4,Saturday,6,12,December,Q4,2021,2021-12
2021-12-05,5,Sunday,7,12,December,Q4,2021,2021-12
2021-12-06,6,Monday,1,12,December,Q4,2021,2021-12
2021-12-07,7,Tuesday,2,12,December,Q4,2021,2021-12
2021-12-08,8,Wednesday,3,12,December,Q4,2021,2021-12
2021-12-09,9,Thursday,4,12,December,Q4,2021,2021-12
2021-12-10,10,Friday,5,12,December,Q4,2021,2021-12
2021-12-11,11,Saturday,6,12,December,Q4,2021,2021-12
2021-12-12,12,Sunday,7,12,December,Q4,2021,2021-12
2021-12-13,13,Monday,1,12,December,Q4,2021,2021-12
2021-12-14,14,Tuesday,2,12,December,Q4,2021,2021-12
2021-12-15,15,Wednesday,3,12,December,Q4,2021,2021-12
2021-12-16,16,Thursday,4,12,December,Q4,2021,2021-12
2021-12-17,17,Friday,5,12,December,Q4,2021,2021-12
2021-12-18,18,Saturday,6,12,December,Q4,2021,2021-12
2021-12-19,19,Sunday,7,12,December,Q4,2021,2021-12
2021-12-20,20,Monday,1,12,December,Q4,2021,2021-12
2021-12-21,21,Tuesday,2,12,December,Q4,2021,2021-12
2021-12-22,22,Wednesday,3,12,December,Q4,2021,2021-12
2021-12-23,23,Thursday,4,12,December,Q4,2021,2021-12
2021-12-24,24,Friday,5,12,December,Q4,2021,2021-12
2021-12-25,25,Saturday,6,12,December,Q4,2021,2021-12
2021-12-26,26,Sunday,7,12,December,Q4,2021,2021-12
2021-12-27,27,Monday,1,12,December,Q4,2021,2021-12
2021-12-28,28,Tuesday,2,12,December,Q4,2021,2021-12
2021-12-29,29,Wednesday,3,12,December,Q4,2021,2021-12
2021-12-30,30,Thursday,4,12,December,Q4,2021,2021-12
2021-12-31,31,Friday,5,12,December,Q4,2021,2021-12
2022-01-01,1,Saturday,6,1,January,Q1,2022,2022-01
2022-01-02,2,Sunday,7,1,January,Q1,2022,2022-01
2022-01-03,3,Monday,1,1,January,Q1,2022,2022-01
2022-01-04,4,Tuesday,2,1,January,Q1,2022,2022-01
2022-01-05,5,Wednesday,3,1,January,Q1,2022,2022-01
2022-01-06,6,Thursday,4,1,January,Q1,2022,2022-01
2022-01-07,7,Friday,5,1,January,Q1,2022,2022-01
2022-01-08,8,Saturday,6,1,January,Q1,2022,2022-01
2022-01-09,9,Sunday,7,1,January,Q1,2022,2022-01
2022-01-10,10,Monday,1,1,January,Q1,2022,2022-01
2022-01-11,11,Tuesday,2,1,January,Q1,2022,2022-01
2022-01-12,12,Wednesday,3,1,January,Q1,2022,2022-01
2022-01-13,13,Thursday,4,1,January,Q1,2022,2022-01
2022-01-14,14,Friday,5,1,January,Q1,2022,2022-01
2022-01-15,15,Saturday,6,1,January,Q1,2022,2022-01
2022-01-16,16,Sunday,7,1,January,Q1,2022,2022-01
2022-01-17,17,Monday,1,1,January,Q1,2022,2022-01
2022-01-18,18,Tuesday,2,1,January,Q1,2022,2022-01
2022-01-19,19,Wednesday,3,1,January,Q1,2022,2022-01
2022-01-20,20,Thursday,4,1,January,Q1,2022,2022-01
2022-01-21,21,Friday,5,1,January,Q1,2022,2022-01
2022-01-22,22,Saturday,6,1,January,Q1,2022,2022-01
2022-01-23,23,Sunday,7,1,January,Q1,2022,2022-01
2022-01-24,24,Monday,1,1,January,Q1,2022,2022-01
2022-01-25,25,Tuesday,2,1,January,Q1,2022,2022-01
2022-01-26,26,Wednesday,3,1,January,Q1,2022,2022-01
2022-01-27,27,Thursday,4,1,January,Q1,2022,2022-01
2022-01-28,28,Friday,5,1,January,Q1,2022,2022-01
2022-01-29,29,Saturday,6,1,January,Q1,2022,2022-01
2022-01-30,30,Sunday,7,1,January,Q1,2022,2022-01
2022-01-31,31,Monday,1,1,January,Q1,2022,2022-01
2022-02-01,1,Tuesday,2,2,February,Q1,2022,2022-02
2022-02-02,2,Wednesday,3,2,February,Q1,2022,2022-02
2022-02-03,3,Thursday,4,2,February,Q1,2022,2022-02
2022-02-04,4,Friday,5,2,February,Q1,2022,2022-02
2022-02-05,5,Saturday,6,2,February,Q1,2022,2022-02
2022-02-06,6,Sunday,7,2,February,Q1,2022,2022-02
2022-02-07,7,Monday,1,2,February,Q1,2022,2022-02
2022-02-08,8,Tuesday,2,2,February,Q1,2022,2022-02
2022-02-09,9,Wednesday,3,2,February,Q1,2022,2022-02
2022-02-10,10,Thursday,4,2,February,Q1,2022,2022-02
2022-02-11,11,Friday,5,2,February,Q1,2022,2022-02
2022-02-12,12,Saturday,6,2,February,Q1,2022,2022-02
2022-02-13,13,Sunday,7,2,February,Q1,2022,2022-02
2022-02-14,14,Monday,1,2,February,Q1,2022,2022-02
2022-02-15,15,Tuesday,2,2,February,Q1,2022,2022-02
2022-02-16,16,Wednesday,3,2,February,Q1,2022,2022-02
2022-02-17,17,Thursday,4,2,February,Q1,2022,2022-02
2022-02-18,18,Friday,5,2,February,Q1,2022,2022-02
2022-02-19,19,Saturday,6,2,February,Q1,2022,2022-02
2022-02-20,20,Sunday,7,2,February,Q1,2022,2022-02
2022-02-21,21,Monday,1,2,February,Q1,2022,2022-02
2022-02-22,22,Tuesday,2,2,February,Q1,2022,2022-02
2022-02-23,23,Wednesday,3,2,February,Q1,2022,2022-02
2022-02-24,24,Thursday,4,2,February,Q1,2022,2022-02
2022-02-25,25,Friday,5,2,February,Q1,2022,2022-02
2022-02-26,26,Saturday,6,2,February,Q1,2022,2022-02
2022-02-27,27,Sunday,7,2,February,Q1,2022,2022-02
2022-02-28,28,Monday,1,2,February,Q1,2022,2022-02
2022-03-01,1,Tuesday,2,3,March,Q1,2022,2022-03
2022-03-02,2,Wednesday,3,3,March,Q1,2022,2022-03
2022-03-03,3,Thursday,4,3,March,Q1,2022,2022-03
2022-03-04,4,Friday,5,3,March,Q1,2022,2022-03
2022-03-05,5,Saturday,6,3,March,Q1,2022,2022-03
2022-03-06,6,Sunday,7,3,March,Q1,2022,2022-03
2022-03-07,7,Monday,1,3,March,Q1,2022,2022-03
2022-03-08,8,Tuesday,2,3,March,Q1,2022,2022-03
2022-03-09,9,Wednesday,3,3,March,Q1,2022,2022-03
2022-03-10,10,Thursday,4,3,March,Q1,2022,2022-03
2022-03-11,11,Friday,5,3,March,Q1,2022,2022-03
2022-03-12,12,Saturday,6,3,March,Q1,2022,2022-03
2022-03-13,13,Sunday,7,3,March,Q1,2022,2022-03
2022-03-14,14,Monday,1,3,March,Q1,2022,2022-03
2022-03-15,15,Tuesday,2,3,March,Q1,2022,2022-03
2022-03-16,16,Wednesday,3,3,March,Q1,2022,2022-03
2022-03-17,17,Thursday,4,3,March,Q1,2022,2022-03
2022-03-18,18,Friday,5,3,March,Q1,2022,2022-03
2022-03-19,19,Saturday,6,3,March,Q1,2022,2022-03
2022-03-20,20,Sunday,7,3,March,Q1,2022,2022-03
2022-03-21,21,Monday,1,3,March,Q1,2022,2022-03
2022-03-22,22,Tuesday,2,3,March,Q1,2022,2022-03
2022-03-23,23,Wednesday,3,3,March,Q1,2022,2022-03
2022-03-24,24,Thursday,4,3,March,Q1,2022,2022-03
2022-03-25,25,Friday,5,3,March,Q1,2022,2022-03
2022-03-26,26,Saturday,6,3,March,Q1,2022,2022-03
2022-03-27,27,Sunday,7,3,March,Q1,2022,2022-03
2022-03-28,28,Monday,1,3,March,Q1,2022,2022-03
2022-03-29,29,Tuesday,2,3,March,Q1,2022,2022-03
2022-03-30,30,Wednesday,3,3,March,Q1,2022,2022-03
2022-03-31,31,Thursday,4,3,March,Q1,2022,2022-03
2022-04-01,1,Friday,5,4,April,Q2,2022,2022-04
2022-04-02,2,Saturday,6,4,April,Q2,2022,2022-04
2022-04-03,3,Sunday,7,4,April,Q2,2022,2022-04
2022-04-04,4,Monday,1,4,April,Q2,2022,2022-04
2022-04-05,5,Tuesday,2,4,April,Q2,2022,2022-04
2022-04-06,6,Wednesday,3,4,April,Q2,2022,2022-04
2022-04-07,7,Thursday,4,4,April,Q2,2022,2022-04
2022-04-08,8,Friday,5,4,April,Q2,2022,2022-04
2022-04-09,9,Saturday,6,4,April,Q2,2022,2022-04
2022-04-10,10,Sunday,7,4,April,Q2,2022,2022-04
2022-04-11,11,Monday,1,4,April,Q2,2022,2022-04
2022-04-12,12,Tuesday,2,4,April,Q2,2022,2022-04
2022-04-13,13,Wednesday,3,4,April,Q2,2022,2022-04
2022-04-14,14,Thursday,4,4,April,Q2,2022,2022-04
2022-04-15,15,Friday,5,4,April,Q2,2022,2022-04
2022-04-16,16,Saturday,6,4,April,Q2,2022,2022-04
2022-04-17,17,Sunday,7,4,April,Q2,2022,2022-04
2022-04-18,18,Monday,1,4,April,Q2,2022,2022-04
2022-04-19,19,Tuesday,2,4,April,Q2,2022,2022-04
2022-04-20,20,Wednesday,3,4,April,Q2,2022,2022-04
2022-04-21,21,Thursday,4,4,April,Q2,2022,2022-04
2022-04-22,22,Friday,5,4,April,Q2,2022,2022-04
2022-04-23,23,Saturday,6,4,April,Q2,2022,2022-04
2022-04-24,24,Sunday,7,4,April,Q2,2022,2022-04
2022-04-25,25,Monday,1,4,April,Q2,2022,2022-04
2022-04-26,26,Tuesday,2,4,April,Q2,2022,2022-04
2022-04-27,27,Wednesday,3,4,April,Q2,2022,2022-04
2022-04-28,28,Thursday,4,4,April,Q2,2022,2022-04
2022-04-29,29,Friday,5,4,April,Q2,2022,2022-04
2022-04-30,30,Saturday,6,4,April,Q2,2022,2022-04
2022-05-01,1,Sunday,7,5,May,Q2,2022,2022-05
2022-05-02,2,Monday,1,5,May,Q2,2022,2022-05
2022-05-03,3,Tuesday,2,5,May,Q2,2022,2022-05
2022-05-04,4,Wednesday,3,5,May,Q2,2022,2022-05
2022-05-05,5,Thursday,4,5,May,Q2,2022,2022-05
2022-05-06,6,Friday,5,5,May,Q2,2022,2022-05
2022-05-07,7,Saturday,6,5,May,Q2,2022,2022-05
2022-05-08,8,Sunday,7,5,May,Q2,2022,2022-05
2022-05-09,9,Monday,1,5,May,Q2,2022,2022-05
2022-05-10,10,Tuesday,2,5,May,Q2,2022,2022-05
2022-05-11,11,Wednesday,3,5,May,Q2,2022,2022-05
2022-05-12,12,Thursday,4,5,May,Q2,2022,2022-05
2022-05-13,13,Friday,5,5,May,Q2,2022,2022-05
2022-05-14,14,Saturday,6,5,May,Q2,2022,2022-05
2022-05-15,15,Sunday,7,5,May,Q2,2022,2022-05
2022-05-16,16,Monday,1,5,May,Q2,2022,2022-05
2022-05-17,17,Tuesday,2,5,May,Q2,2022,2022-05
2022-05-18,18,Wednesday,3,5,May,Q2,2022,2022-05
2022-05-19,19,Thursday,4,5,May,Q2,2022,2022-05
2022-05-20,20,Friday,5,5,May,Q2,2022,2022-05
2022-05-21,21,Saturday,6,5,May,Q2,2022,2022-05
2022-05-22,22,Sunday,7,5,May,Q2,2022,2022-05
2022-05-23,23,Monday,1,5,May,Q2,2022,2022-05
2022-05-24,24,Tuesday,2,5,May,Q2,2022,2022-05
2022-05-25,25,Wednesday,3,5,May,Q2,2022,2022-05
2022-05-26,26,Thursday,4,5,May,Q2,2022,2022-05
2022-05-27,27,Friday,5,5,May,Q2,2022,2022-05
2022-05-28,28,Saturday,6,5,May,Q2,2022,2022-05
2022-05-29,29,Sunday,7,5,May,Q2,2022,2022-05
2022-05-30,30,Monday,1,5,May,Q2,2022,2022-05
2022-05-31,31,Tuesday,2,5,May,Q2,2022,2022-05
2022-06-01,1,Wednesday,3,6,June,Q2,2022,2022-06
2022-06-02,2,Thursday,4,6,June,Q2,2022,2022-06
2022-06-03,3,Friday,5,6,June,Q2,2022,2022-06
2022-06-04,4,Saturday,6,6,June,Q2,2022,2022-06
2022-06-05,5,Sunday,7,6,June,Q2,2022,2022-06
2022-06-06,6,Monday,1,6,June,Q2,2022,2022-06
2022-06-07,7,Tuesday,2,6,June,Q2,2022,2022-06
2022-06-08,8,Wednesday,3,6,June,Q2,2022,2022-06
2022-06-09,9,Thursday,4,6,June,Q2,2022,2022-06
2022-06-10,10,Friday,5,6,June,Q2,2022,2022-06
2022-06-11,11,Saturday,6,6,June,Q2,2022,2022-06
2022-06-12,12,Sunday,7,6,June,Q2,2022,2022-06
2022-06-13,13,Monday,1,6,June,Q2,2022,2022-06
2022-06-14,14,Tuesday,2,6,June,Q2,2022,2022-06
2022-06-15,15,Wednesday,3,6,June,Q2,2022,2022-06
2022-06-16,16,Thursday,4,6,June,Q2,2022,2022-06
2022-06-17,17,Friday,5,6,June,Q2,2022,2022-06
2022-06-18,18,Saturday,6,6,June,Q2,2022,2022-06
2022-06-19,19,Sunday,7,6,June,Q2,2022,2022-06
2022-06-20,20,Monday,1,6,June,Q2,2022,2022-06
2022-06-21,21,Tuesday,2,6,June,Q2,2022,2022-06
2022-06-22,22,Wednesday,3,6,June,Q2,2022,2022-06
2022-06-23,23,Thursday,4,6,June,Q2,2022,2022-06
2022-06-24,24,Friday,5,6,June,Q2,2022,2022-06
2022-06-25,25,Saturday,6,6,June,Q2,2022,2022-06
2022-06-26,26,Sunday,7,6,June,Q2,2022,2022-06
2022-06-27,27,Monday,1,6,June,Q2,2022,2022-06
2022-06-28,28,Tuesday,2,6,June,Q2,2022,2022-06
2022-06-29,29,Wednesday,3,6,June,Q2,2022,2022-06
2022-06-30,30,Thursday,4,6,June,Q2,2022,2022-06
2022-07-01,1,Friday,5,7,July,Q3,2022,2022-07
2022-07-02,2,Saturday,6,7,July,Q3,2022,2022-07
2022-07-03,3,Sunday,7,7,July,Q3,2022,2022-07
2022-07-04,4,Monday,1,7,July,Q3,2022,2022-07
2022-07-05,5,Tuesday,2,7,July,Q3,2022,2022-07
2022-07-06,6,Wednesday,3,7,July,Q3,2022,2022-07
2022-07-07,7,Thursday,4,7,July,Q3,2022,2022-07
2022-07-08,8,Friday,5,7,July,Q3,2022,2022-07
2022-07-09,9,Saturday,6,7,July,Q3,2022,2022-07
2022-07-10,10,Sunday,7,7,July,Q3,2022,2022-07
2022-07-11,11,Monday,1,7,July,Q3,2022,2022-07
2022-07-12,12,Tuesday,2,7,July,Q3,2022,2022-07
2022-07-13,13,Wednesday,3,7,July,Q3,2022,2022-07
2022-07-14,14,Thursday,4,7,July,Q3,2022,2022-07
2022-07-15,15,Friday,5,7,July,Q3,2022,2022-07
2022-07-16,16,Saturday,6,7,July,Q3,2022,2022-07
2022-07-17,17,Sunday,7,7,July,Q3,2022,2022-07
2022-07-18,18,Monday,1,7,July,Q3,2022,2022-07
2022-07-19,19,Tuesday,2,7,July,Q3,2022,2022-07
2022-07-20,20,Wednesday,3,7,July,Q3,2022,2022-07
2022-07-21,21,Thursday,4,7,July,Q3,2022,2022-07
2022-07-22,22,Friday,5,7,July,Q3,2022,2022-07
2022-07-23,23,Saturday,6,7,July,Q3,2022,2022-07
2022-07-24,24,Sunday,7,7,July,Q3,2022,2022-07
2022-07-25,25,Monday,1,7,July,Q3,2022,2022-07
2022-07-26,26,Tuesday,2,7,July,Q3,2022,2022-07
2022-07-27,27,Wednesday,3,7,July,Q3,2022,2022-07
2022-07-28,28,Thursday,4,7,July,Q3,2022,2022-07
2022-07-29,29,Friday,5,7,July,Q3,2022,2022-07
2022-07-30,30,Saturday,6,7,July,Q3,2022,2022-07
2022-07-31,31,Sunday,7,7,July,Q3,2022,2022-07
2022-08-01,1,Monday,1,8,August,Q3,2022,2022-08
2022-08-02,2,Tuesday,2,8,August,Q3,2022,2022-08
2022-08-03,3,Wednesday,3,8,August,Q3,2022,2022-08
2022-08-04,4,Thursday,4,8,August,Q3,2022,2022-08
2022-08-05,5,Friday,5,8,August,Q3,2022,2022-08
2022-08-06,6,Saturday,6,8,August,Q3,2022,2022-08
2022-08-07,7,Sunday,7,8,August,Q3,2022,2022-08
2022-08-08,8,Monday,1,8,August,Q3,2022,2022-08
2022-08-09,9,Tuesday,2,8,August,Q3,2022,2022-08
2022-08-10,10,Wednesday,3,8,August,Q3,2022,2022-08
2022-08-11,11,Thursday,4,8,August,Q3,2022,2022-08
2022-08-12,12,Friday,5,8,August,Q3,2022,2022-08
2022-08-13,13,Saturday,6,8,August,Q3,2022,2022-08
2022-08-14,14,Sunday,7,8,August,Q3,2022,2022-08
2022-08-15,15,Monday,1,8,August,Q3,2022,2022-08
2022-08-16,16,Tuesday,2,8,August,Q3,2022,2022-08
2022-08-17,17,Wednesday,3,8,August,Q3,2022,2022-08
2022-08-18,18,Thursday,4,8,August,Q3,2022,2022-08
2022-08-19,19,Friday,5,8,August,Q3,2022,2022-08
2022-08-20,20,Saturday,6,8,August,Q3,2022,2022-08
2022-08-21,21,Sunday,7,8,August,Q3,2022,2022-08
2022-08-22,22,Monday,1,8,August,Q3,2022,2022-08
2022-08-23,23,Tuesday,2,8,August,Q3,2022,2022-08
2022-08-24,24,Wednesday,3,8,August,Q3,2022,2022-08
2022-08-25,25,Thursday,4,8,August,Q3,2022,2022-08
2022-08-26,26,Friday,5,8,August,Q3,2022,2022-08
2022-08-27,27,Saturday,6,8,August,Q3,2022,2022-08
2022-08-28,28,Sunday,7,8,August,Q3,2022,2022-08
2022-08-29,29,Monday,1,8,August,Q3,2022,2022-08
2022-08-30,30,Tuesday,2,8,August,Q3,2022,2022-08
2022-08-31,31,Wednesday,3,8,August,Q3,2022,2022-08
2022-09-01,1,Thursday,4,9,September,Q3,2022,2022-09
2022-09-02,2,Friday,5,9,September,Q3,2022,2022-09
2022-09-03,3,Saturday,6,9,September,Q3,2022,2022-09
2022-09-04,4,Sunday,7,9,September,Q3,2022,2022-09
2022-09-05,5,Monday,1,9,September,Q3,2022,2022-09
2022-09-06,6,Tuesday,2,9,September,Q3,2022,2022-09
2022-09-07,7,Wednesday,3,9,September,Q3,2022,2022-09
2022-09-08,8,Thursday,4,9,September,Q3,2022,2022-09
2022-09-09,9,Friday,5,9,September,Q3,2022,2022-09
2022-09-10,10,Saturday,6,9,September,Q3,2022,2022-09
2022-09-11,11,Sunday,7,9,September,Q3,2022,2022-09
2022-09-12,12,Monday,1,9,September,Q3,2022,2022-09
2022-09-13,13,Tuesday,2,9,September,Q3,2022,2022-09
2022-09-14,14,Wednesday,3,9,September,Q3,2022,2022-09
2022-09-15,15,Thursday,4,9,September,Q3,2022,2022-09
2022-09-16,16,Friday,5,9,September,Q3,2022,2022-09
2022-09-17,17,Saturday,6,9,September,Q3,2022,2022-09
2022-09-18,18,Sunday,7,9,September,Q3,2022,2022-09
2022-09-19,19,Monday,1,9,September,Q3,2022,2022-09
2022-09-20,20,Tuesday,2,9,September,Q3,2022,2022-09
2022-09-21,21,Wednesday,3,9,September,Q3,2022,2022-09
2022-09-22,22,Thursday,4,9,September,Q3,2022,2022-09
2022-09-23,23,Friday,5,9,September,Q3,2022,2022-09
2022-09-24,24,Saturday,6,9,September,Q3,2022,2022-09
2022-09-25,25,Sunday,7,9,September,Q3,2022,2022-09
2022-09-26,26,Monday,1,9,September,Q3,2022,2022-09
2022-09-27,27,Tuesday,2,9,September,Q3,2022,2022-09
2022-09-28,28,Wednesday,3,9,September,Q3,2022,2022-09
2022-09-29,29,Thursday,4,9,September,Q3,2022,2022-09
2022-09-30,30,Friday,5,9,September,Q3,2022,2022-09
2022-10-01,1,Saturday,6,10,October,Q4,2022,2022-10
2022-10-02,2,Sunday,7,10,October,Q4,2022,2022-10
2022-10-03,3,Monday,1,10,October,Q4,2022,2022-10
2022-10-04,4,Tuesday,2,10,October,Q4,2022,2022-10
2022-10-05,5,Wednesday,3,10,October,Q4,2022,2022-10
2022-10-06,6,Thursday,4,10,October,Q4,2022,2022-10
2022-10-07,7,Friday,5,10,October,Q4,2022,2022-10
2022-10-08,8,Saturday,6,10,October,Q4,2022,2022-10
2022-10-09,9,Sunday,7,10,October,Q4,2022,2022-10
2022-10-10,10,Monday,1,10,October,Q4,2022,2022-10
2022-10-11,11,Tuesday,2,10,October,Q4,2022,2022-10
2022-10-12,12,Wednesday,3,10,October,Q4,2022,2022-10
2022-10-13,13,Thursday,4,10,October,Q4,2022,2022-10
2022-10-14,14,Friday,5,10,October,Q4,2022,2022-10
2022-10-15,15,Saturday,6,10,October,Q4,2022,2022-10
2022-10-16,16,Sunday,7,10,October,Q4,2022,2022-10
2022-10-17,17,Monday,1,10,October,Q4,2022,2022-10
2022-10-18,18,Tuesday,2,10,October,Q4,2022,2022-10
2022-10-19,19,Wednesday,3,10,October,Q4,2022,2022-10
2022-10-20,20,Thursday,4,10,October,Q4,2022,2022-10
2022-10-21,21,Friday,5,10,October,Q4,2022,2022-10
2022-10-22,22,Saturday,6,10,October,Q4,2022,2022-10
2022-10-23,23,Sunday,7,10,October,Q4,2022,2022-10
2022-10-24,24,Monday,1,10,October,Q4,2022,2022-10
2022-10-25,25,Tuesday,2,10,October,Q4,2022,2022-10
2022-10-26,26,Wednesday,3,10,October,Q4,2022,2022-10
2022-10-27,27,Thursday,4,10,October,Q4,2022,2022-10
2022-10-28,28,Friday,5,10,October,Q4,2022,2022-10
2022-10-29,29,Saturday,6,10,October,Q4,2022,2022-10
2022-10-30,30,Sunday,7,10,October,Q4,2022,2022-10
2022-10-31,31,Monday,1,10,October,Q4,2022,2022-10
2022-11-01,1,Tuesday,2,11,November,Q4,2022,2022-11
2022-11-02,2,Wednesday,3,11,November,Q4,2022,2022-11
2022-11-03,3,Thursday,4,11,November,Q4,2022,2022-11
2022-11-04,4,Friday,5,11,November,Q4,2022,2022-11
2022-11-05,5,Saturday,6,11,November,Q4,2022,2022-11
2022-11-06,6,Sunday,7,11,November,Q4,2022,2022-11
2022-11-07,7,Monday,1,11,November,Q4,2022,2022-11
2022-11-08,8,Tuesday,2,11,November,Q4,2022,2022-11
2022-11-09,9,Wednesday,3,11,November,Q4,2022,2022-11
2022-11-10,10,Thursday,4,11,November,Q4,2022,2022-11
2022-11-11,11,Friday,5,11,November,Q4,2022,2022-11
2022-11-12,12,Saturday,6,11,November,Q4,2022,2022-11
2022-11-13,13,Sunday,7,11,November,Q4,2022,2022-11
2022-11-14,14,Monday,1,11,November,Q4,2022,2022-11
2022-11-15,15,Tuesday,2,11,November,Q4,2022,2022-11
2022-11-16,16,Wednesday,3,11,November,Q4,2022,2022-11
2022-11-17,17,Thursday,4,11,November,Q4,2022,2022-11
2022-11-18,18,Friday,5,11,November,Q4,2022,2022-11
2022-11-19,19,Saturday,6,11,November,Q4,2022,2022-11
2022-11-20,20,Sunday,7,11,November,Q4,2022,2022-11
2022-11-21,21,Monday,1,11,November,Q4,2022,2022-11
2022-11-22,22,Tuesday,2,11,November,Q4,2022,2022-11
2022-11-23,23,Wednesday,3,11,November,Q4,2022,2022-11
2022-11-24,24,Thursday,4,11,November,Q4,2022,2022-11
2022-11-25,25,Friday,5,11,November,Q4,2022,2022-11
2022-11-26,26,Saturday,6,11,November,Q4,2022,2022-11
2022-11-27,27,Sunday,7,11,November,Q4,2022,2022-11
2022-11-28,28,Monday,1,11,November,Q4,2022,2022-11
2022-11-29,29,Tuesday,2,11,November,Q4,2022,2022-11
2022-11-30,30,Wednesday,3,11,November,Q4,2022,2022-11
2022-12-01,1,Thursday,4,12,December,Q4,2022,2022-12
2022-12-02,2,Friday,5,12,December,Q4,2022,2022-12
2022-12-03,3,Saturday,6,12,December,Q4,2022,2022-12
2022-12-04,4,Sunday,7,12,December,Q4,2022,2022-12
2022-12-05,5,Monday,1,12,December,Q4,2022,2022-12
2022-12-06,6,Tuesday,2,12,December,Q4,2022,2022-12
2022-12-07,7,Wednesday,3,12,December,Q4,2022,2022-12
2022-12-08,8,Thursday,4,12,December,Q4,2022,2022-12
2022-12-09,9,Friday,5,12,December,Q4,2022,2022-12
2022-12-10,10,Saturday,6,12,December,Q4,2022,2022-12
2022-12-11,11,Sunday,7,12,December,Q4,2022,2022-12
2022-12-12,12,Monday,1,12,December,Q4,2022,2022-12
2022-12-13,13,Tuesday,2,12,December,Q4,2022,2022-12
2022-12-14,14,Wednesday,3,12,December,Q4,2022,2022-12
2022-12-15,15,Thursday,4,12,December,Q4,2022,2022-12
2022-12-16,16,Friday,5,12,December,Q4,2022,2022-12
2022-12-17,17,Saturday,6,12,December,Q4,2022,2022-12
2022-12-18,18,Sunday,7,12,December,Q4,2022,2022-12
2022-12-19,19,Monday,1,12,December,Q4,2022,2022-12
2022-12-20,20,Tuesday,2,12,December,Q4,2022,2022-12
2022-12-21,21,Wednesday,3,12,December,Q4,2022,2022-12
2022-12-22,22,Thursday,4,12,December,Q4,2022,2022-12
2022-12-23,23,Friday,5,12,December,Q4,2022,2022-12
2022-12-24,24,Saturday,6,12,December,Q4,2022,2022-12
2022-12-25,25,Sunday,7,12,December,Q4,2022,2022-12
2022-12-26,26,Monday,1,12,December,Q4,2022,2022-12
2022-12-27,27,Tuesday,2,12,December,Q4,2022,2022-12
2022-12-28,28,Wednesday,3,12,December,Q4,2022,2022-12
2022-12-29,29,Thursday,4,12,December,Q4,2022,2022-12
2022-12-30,30,Friday,5,12,December,Q4,2022,2022-12
2022-12-31,31,Saturday,6,12,December,Q4,2022,2022-12
2023-01-01,1,Sunday,7,1,January,Q1,2023,2023-01
2023-01-02,2,Monday,1,1,January,Q1,2023,2023-01
2023-01-03,3,Tuesday,2,1,January,Q1,2023,2023-01
2023-01-04,4,Wednesday,3,1,January,Q1,2023,2023-01
2023-01-05,5,Thursday,4,1,January,Q1,2023,2023-01
2023-01-06,6,Friday,5,1,January,Q1,2023,2023-01
2023-01-07,7,Saturday,6,1,January,Q1,2023,2023-01
2023-01-08,8,Sunday,7,1,January,Q1,2023,2023-01
2023-01-09,9,Monday,1,1,January,Q1,2023,2023-01
2023-01-10,10,Tuesday,2,1,January,Q1,2023,2023-01
2023-01-11,11,Wednesday,3,1,January,Q1,2023,2023-01
2023-01-12,12,Thursday,4,1,January,Q1,2023,2023-01
2023-01-13,13,Friday,5,1,January,Q1,2023,2023-01
2023-01-14,14,Saturday,6,1,January,Q1,2023,2023-01
2023-01-15,15,Sunday,7,1,January,Q1,2023,2023-01
2023-01-16,16,Monday,1,1,January,Q1,2023,2023-01
2023-01-17,17,Tuesday,2,1,January,Q1,2023,2023-01
2023-01-18,18,Wednesday,3,1,January,Q1,2023,2023-01
2023-01-19,19,Thursday,4,1,January,Q1,2023,2023-01
2023-01-20,20,Friday,5,1,January,Q1,2023,2023-01
2023-01-21,21,Saturday,6,1,January,Q1,2023,2023-01
2023-01-22,22,Sunday,7,1,January,Q1,2023,2023-01
2023-01-23,23,Monday,1,1,January,Q1,2023,2023-01
2023-01-24,24,Tuesday,2,1,January,Q1,2023,2023-01
2023-01-25,25,Wednesday,3,1,January,Q1,2023,2023-01
2023-01-26,26,Thursday,4,1,January,Q1,2023,2023-01
2023-01-27,27,Friday,5,1,January,Q1,2023,2023-01
2023-01-28,28,Saturday,6,1,January,Q1,2023,2023-01
2023-01-29,29,Sunday,7,1,January,Q1,2023,2023-01
2023-01-30,30,Monday,1,1,January,Q1,2023,2023-01
2023-01-31,31,Tuesday,2,1,January,Q1,2023,2023-01
2023-02-01,1,Wednesday,3,2,February,Q1,2023,2023-02
2023-02-02,2,Thursday,4,2,February,Q1,2023,2023-02
2023-02-03,3,Friday,5,2,February,Q1,2023,2023-02
2023-02-04,4,Saturday,6,2,February,Q1,2023,2023-02
2023-02-05,5,Sunday,7,2,February,Q1,2023,2023-02
2023-02-06,6,Monday,1,2,February,Q1,2023,2023-02
2023-02-07,7,Tuesday,2,2,February,Q1,2023,2023-02
2023-02-08,8,Wednesday,3,2,February,Q1,2023,2023-02
2023-02-09,9,Thursday,4,2,February,Q1,2023,2023-02
2023-02-10,10,Friday,5,2,February,Q1,2023,2023-02
2023-02-11,11,Saturday,6,2,February,Q1,2023,2023-02
2023-02-12,12,Sunday,7,2,February,Q1,2023,2023-02
2023-02-13,13,Monday,1,2,February,Q1,2023,2023-02
2023-02-14,14,Tuesday,2,2,February,Q1,2023,2023-02
2023-02-15,15,Wednesday,3,2,February,Q1,2023,2023-02
2023-02-16,16,Thursday,4,2,February,Q1,2023,2023-02
2023-02-17,17,Friday,5,2,February,Q1,2023,2023-02
2023-02-18,18,Saturday,6,2,February,Q1,2023,2023-02
2023-02-19,19,Sunday,7,2,February,Q1,2023,2023-02
2023-02-20,20,Monday,1,2,February,Q1,2023,2023-02
2023-02-21,21,Tuesday,2,2,February,Q1,2023,2023-02
2023-02-22,22,Wednesday,3,2,February,Q1,2023,2023-02
2023-02-23,23,Thursday,4,2,February,Q1,2023,2023-02
2023-02-24,24,Friday,5,2,February,Q1,2023,2023-02
2023-02-25,25,Saturday,6,2,February,Q1,2023,2023-02
2023-02-26,26,Sunday,7,2,February,Q1,2023,2023-02
2023-02-27,27,Monday,1,2,February,Q1,2023,2023-02
2023-02-28,28,Tuesday,2,2,February,Q1,2023,2023-02
2023-03-01,1,Wednesday,3,3,March,Q1,2023,2023-03
2023-03-02,2,Thursday,4,3,March,Q1,2023,2023-03
2023-03-03,3,Friday,5,3,March,Q1,2023,2023-03
2023-03-04,4,Saturday,6,3,March,Q1,2023,2023-03
2023-03-05,5,Sunday,7,3,March,Q1,2023,2023-03
2023-03-06,6,Monday,1,3,March,Q1,2023,2023-03
2023-03-07,7,Tuesday,2,3,March,Q1,2023,2023-03
2023-03-08,8,Wednesday,3,3,March,Q1,2023,2023-03
2023-03-09,9,Thursday,4,3,March,Q1,2023,2023-03
2023-03-10,10,Friday,5,3,March,Q1,2023,2023-03
2023-03-11,11,Saturday,6,3,March,Q1,2023,2023-03
2023-03-12,12,Sunday,7,3,March,Q1,2023,2023-03
2023-03-13,13,Monday,1,3,March,Q1,2023,2023-03
2023-03-14,14,Tuesday,2,3,March,Q1,2023,2023-03
2023-03-15,15,Wednesday,3,3,March,Q1,2023,2023-03
2023-03-16,16,Thursday,4,3,March,Q1,2023,2023-03
2023-03-17,17,Friday,5,3,March,Q1,2023,2023-03
2023-03-18,18,Saturday,6,3,March,Q1,2023,2023-03
2023-03-19,19,Sunday,7,3,March,Q1,2023,2023-03
2023-03-20,20,Monday,1,3,March,Q1,2023,2023-03
2023-03-21,21,Tuesday,2,3,March,Q1,2023,2023-03
2023-03-22,22,Wednesday,3,3,March,Q1,2023,2023-03
2023-03-23,23,Thursday,4,3,March,Q1,2023,2023-03
2023-03-24,24,Friday,5,3,March,Q1,2023,2023-03
2023-03-25,25,Saturday,6,3,March,Q1,2023,2023-03
2023-03-26,26,Sunday,7,3,March,Q1,2023,2023-03
2023-03-27,27,Monday,1,3,March,Q1,2023,2023-03
2023-03-28,28,Tuesday,2,3,March,Q1,2023,2023-03
2023-03-29,29,Wednesday,3,3,March,Q1,2023,2023-03
2023-03-30,30,Thursday,4,3,March,Q1,2023,2023-03
2023-03-31,31,Friday,5,3,March,Q1,2023,2023-03
2023-04-01,1,Saturday,6,4,April,Q2,2023,2023-04
2023-04-02,2,Sunday,7,4,April,Q2,2023,2023-04
2023-04-03,3,Monday,1,4,April,Q2,2023,2023-04
2023-04-04,4,Tuesday,2,4,April,Q2,2023,2023-04
2023-04-05,5,Wednesday,3,4,April,Q2,2023,2023-04
2023-04-06,6,Thursday,4,4,April,Q2,2023,2023-04
2023-04-07,7,Friday,5,4,April,Q2,2023,2023-04
2023-04-08,8,Saturday,6,4,April,Q2,2023,2023-04
2023-04-09,9,Sunday,7,4,April,Q2,2023,2023-04
2023-04-10,10,Monday,1,4,April,Q2,2023,2023-04
2023-04-11,11,Tuesday,2,4,April,Q2,2023,2023-04
2023-04-12,12,Wednesday,3,4,April,Q2,2023,2023-04
2023-04-13,13,Thursday,4,4,April,Q2,2023,2023-04
2023-04-14,14,Friday,5,4,April,Q2,2023,2023-04
2023-04-15,15,Saturday,6,4,April,Q2,2023,2023-04
2023-04-16,16,Sunday,7,4,April,Q2,2023,2023-04
2023-04-17,17,Monday,1,4,April,Q2,2023,2023-04
2023-04-18,18,Tuesday,2,4,April,Q2,2023,2023-04
2023-04-19,19,Wednesday,3,4,April,Q2,2023,2023-04
2023-04-20,20,Thursday,4,4,April,Q2,2023,2023-04
2023-04-21,21,Friday,5,4,April,Q2,2023,2023-04
2023-04-22,22,Saturday,6,4,April,Q2,2023,2023-04
2023-04-23,23,Sunday,7,4,April,Q2,2023,2023-04
2023-04-24,24,Monday,1,4,April,Q2,2023,2023-04
2023-04-25,25,Tuesday,2,4,April,Q2,2023,2023-04
2023-04-26,26,Wednesday,3,4,April,Q2,2023,2023-04
2023-04-27,27,Thursday,4,4,April,Q2,2023,2023-04
2023-04-28,28,Friday,5,4,April,Q2,2023,2023-04
2023-04-29,29,Saturday,6,4,April,Q2,2023,2023-04
2023-04-30,30,Sunday,7,4,April,Q2,2023,2023-04
2023-05-01,1,Monday,1,5,May,Q2,2023,2023-05
2023-05-02,2,Tuesday,2,5,May,Q2,2023,2023-05
2023-05-03,3,Wednesday,3,5,May,Q2,2023,2023-05
2023-05-04,4,Thursday,4,5,May,Q2,2023,2023-05
2023-05-05,5,Friday,5,5,May,Q2,2023,2023-05
2023-05-06,6,Saturday,6,5,May,Q2,2023,2023-05
2023-05-07,7,Sunday,7,5,May,Q2,2023,2023-05
2023-05-08,8,Monday,1,5,May,Q2,2023,2023-05
2023-05-09,9,Tuesday,2,5,May,Q2,2023,2023-05
2023-05-10,10,Wednesday,3,5,May,Q2,2023,2023-05
2023-05-11,11,Thursday,4,5,May,Q2,2023,2023-05
2023-05-12,12,Friday,5,5,May,Q2,2023,2023-05
2023-05-13,13,Saturday,6,5,May,Q2,2023,2023-05
2023-05-14,14,Sunday,7,5,May,Q2,2023,2023-05
2023-05-15,15,Monday,1,5,May,Q2,2023,2023-05
2023-05-16,16,Tuesday,2,5,May,Q2,2023,2023-05
2023-05-17,17,Wednesday,3,5,May,Q2,2023,2023-05
2023-05-18,18,Thursday,4,5,May,Q2,2023,2023-05
2023-05-19,19,Friday,5,5,May,Q2,2023,2023-05
2023-05-20,20,Saturday,6,5,May,Q2,2023,2023-05
2023-05-21,21,Sunday,7,5,May,Q2,2023,2023-05
2023-05-22,22,Monday,1,5,May,Q2,2023,2023-05
2023-05-23,23,Tuesday,2,5,May,Q2,2023,2023-05
2023-05-24,24,Wednesday,3,5,May,Q2,2023,2023-05
2023-05-25,25,Thursday,4,5,May,Q2,2023,2023-05
2023-05-26,26,Friday,5,5,May,Q2,2023,2023-05
2023-05-27,27,Saturday,6,5,May,Q2,2023,2023-05
2023-05-28,28,Sunday,7,5,May,Q2,2023,2023-05
2023-05-29,29,Monday,1,5,May,Q2,2023,2023-05
2023-05-30,30,Tuesday,2,5,May,Q2,2023,2023-05
2023-05-31,31,Wednesday,3,5,May,Q2,2023,2023-05
2023-06-01,1,Thursday,4,6,June,Q2,2023,2023-06
2023-06-02,2,Friday,5,6,June,Q2,2023,2023-06
2023-06-03,3,Saturday,6,6,June,Q2,2023,2023-06
2023-06-04,4,Sunday,7,6,June,Q2,2023,2023-06
2023-06-05,5,Monday,1,6,June,Q2,2023,2023-06
2023-06-06,6,Tuesday,2,6,June,Q2,2023,2023-06
2023-06-07,7,Wednesday,3,6,June,Q2,2023,2023-06
2023-06-08,8,Thursday,4,6,June,Q2,2023,2023-06
2023-06-09,9,Friday,5,6,June,Q2,2023,2023-06
2023-06-10,10,Saturday,6,6,June,Q2,2023,2023-06
2023-06-11,11,Sunday,7,6,June,Q2,2023,2023-06
2023-06-12,12,Monday,1,6,June,Q2,2023,2023-06
2023-06-13,13,Tuesday,2,6,June,Q2,2023,2023-06
2023-06-14,14,Wednesday,3,6,June,Q2,2023,2023-06
2023-06-15,15,Thursday,4,6,June,Q2,2023,2023-06
2023-06-16,16,Friday,5,6,June,Q2,2023,2023-06
2023-06-17,17,Saturday,6,6,June,Q2,2023,2023-06
2023-06-18,18,Sunday,7,6,June,Q2,2023,2023-06
2023-06-19,19,Monday,1,6,June,Q2,2023,2023-06
2023-06-20,20,Tuesday,2,6,June,Q2,2023,2023-06
2023-06-21,21,Wednesday,3,6,June,Q2,2023,2023-06
2023-06-22,22,Thursday,4,6,June,Q2,2023,2023-06
2023-06-23,23,Friday,5,6,June,Q2,2023,2023-06
2023-06-24,24,Saturday,6,6,June,Q2,2023,2023-06
2023-06-25,25,Sunday,7,6,June,Q2,2023,2023-06
2023-06-26,26,Monday,1,6,June,Q2,2023,2023-06
2023-06-27,27,Tuesday,2,6,June,Q2,2023,2023-06
2023-06-28,28,Wednesday,3,6,June,Q2,2023,2023-06
2023-06-29,29,Thursday,4,6,June,Q2,2023,2023-06
2023-06-30,30,Friday,5,6,June,Q2,2023,2023-06
2023-07-01,1,Saturday,6,7,July,Q3,2023,2023-07
2023-07-02,2,Sunday,7,7,July,Q3,2023,2023-07
2023-07-03,3,Monday,1,7,July,Q3,2023,2023-07
2023-07-04,4,Tuesday,2,7,July,Q3,2023,2023-07
2023-07-05,5,Wednesday,3,7,July,Q3,2023,2023-07
2023-07-06,6,Thursday,4,7,July,Q3,2023,2023-07
2023-07-07,7,Friday,5,7,July,Q3,2023,2023-07
2023-07-08,8,Saturday,6,7,July,Q3,2023,2023-07
2023-07-09,9,Sunday,7,7,July,Q3,2023,2023-07
2023-07-10,10,Monday,1,7,July,Q3,2023,2023-07
2023-07-11,11,Tuesday,2,7,July,Q3,2023,2023-07
2023-07-12,12,Wednesday,3,7,July,Q3,2023,2023-07
2023-07-13,13,Thursday,4,7,July,Q3,2023,2023-07
2023-07-14,14,Friday,5,7,July,Q3,2023,2023-07
2023-07-15,15,Saturday,6,7,July,Q3,2023,2023-07
2023-07-16,16,Sunday,7,7,July,Q3,2023,2023-07
2023-07-17,17,Monday,1,7,July,Q3,2023,2023-07
2023-07-18,18,Tuesday,2,7,July,Q3,2023,2023-07
2023-07-19,19,Wednesday,3,7,July,Q3,2023,2023-07
2023-07-20,20,Thursday,4,7,July,Q3,2023,2023-07
2023-07-21,21,Friday,5,7,July,Q3,2023,2023-07
2023-07-22,22,Saturday,6,7,July,Q3,2023,2023-07
2023-07-23,23,Sunday,7,7,July,Q3,2023,2023-07
2023-07-24,24,Monday,1,7,July,Q3,2023,2023-07
2023-07-25,25,Tuesday,2,7,July,Q3,2023,2023-07
2023-07-26,26,Wednesday,3,7,July,Q3,2023,2023-07
2023-07-27,27,Thursday,4,7,July,Q3,2023,2023-07
2023-07-28,28,Friday,5,7,July,Q3,2023,2023-07
2023-07-29,29,Saturday,6,7,July,Q3,2023,2023-07
2023-07-30,30,Sunday,7,7,July,Q3,2023,2023-07
2023-07-31,31,Monday,1,7,July,Q3,2023,2023-07
2023-08-01,1,Tuesday,2,8,August,Q3,2023,2023-08
2023-08-02,2,Wednesday,3,8,August,Q3,2023,2023-08
2023-08-03,3,Thursday,4,8,August,Q3,2023,2023-08
2023-08-04,4,Friday,5,8,August,Q3,2023,2023-08
2023-08-05,5,Saturday,6,8,August,Q3,2023,2023-08
2023-08-06,6,Sunday,7,8,August,Q3,2023,2023-08
2023-08-07,7,Monday,1,8,August,Q3,2023,2023-08
2023-08-08,8,Tuesday,2,8,August,Q3,2023,2023-08
2023-08-09,9,Wednesday,3,8,August,Q3,2023,2023-08
2023-08-10,10,Thursday,4,8,August,Q3,2023,2023-08
2023-08-11,11,Friday,5,8,August,Q3,2023,2023-08
2023-08-12,12,Saturday,6,8,August,Q3,2023,2023-08
2023-08-13,13,Sunday,7,8,August,Q3,2023,2023-08
2023-08-14,14,Monday,1,8,August,Q3,2023,2023-08
2023-08-15,15,Tuesday,2,8,August,Q3,2023,2023-08
2023-08-16,16,Wednesday,3,8,August,Q3,2023,2023-08
2023-08-17,17,Thursday,4,8,August,Q3,2023,2023-08
2023-08-18,18,Friday,5,8,August,Q3,2023,2023-08
2023-08-19,19,Saturday,6,8,August,Q3,2023,2023-08
2023-08-20,20,Sunday,7,8,August,Q3,2023,2023-08
2023-08-21,21,Monday,1,8,August,Q3,2023,2023-08
2023-08-22,22,Tuesday,2,8,August,Q3,2023,2023-08
2023-08-23,23,Wednesday,3,8,August,Q3,2023,2023-08
2023-08-24,24,Thursday,4,8,August,Q3,2023,2023-08
2023-08-25,25,Friday,5,8,August,Q3,2023,2023-08
2023-08-26,26,Saturday,6,8,August,Q3,2023,2023-08
2023-08-27,27,Sunday,7,8,August,Q3,2023,2023-08
2023-08-28,28,Monday,1,8,August,Q3,2023,2023-08
2023-08-29,29,Tuesday,2,8,August,Q3,2023,2023-08
2023-08-30,30,Wednesday,3,8,August,Q3,2023,2023-08
2023-08-31,31,Thursday,4,8,August,Q3,2023,2023-08
2023-09-01,1,Friday,5,9,September,Q3,2023,2023-09
2023-09-02,2,Saturday,6,9,September,Q3,2023,2023-09
2023-09-03,3,Sunday,7,9,September,Q3,2023,2023-09
2023-09-04,4,Monday,1,9,September,Q3,2023,2023-09
2023-09-05,5,Tuesday,2,9,September,Q3,2023,2023-09
2023-09-06,6,Wednesday,3,9,September,Q3,2023,2023-09
2023-09-07,7,Thursday,4,9,September,Q3,2023,2023-09
2023-09-08,8,Friday,5,9,September,Q3,2023,2023-09
2023-09-09,9,Saturday,6,9,September,Q3,2023,2023-09
2023-09-10,10,Sunday,7,9,September,Q3,2023,2023-09
2023-09-11,11,Monday,1,9,September,Q3,2023,2023-09
2023-09-12,12,Tuesday,2,9,September,Q3,2023,2023-09
2023-09-13,13,Wednesday,3,9,September,Q3,2023,2023-09
2023-09-14,14,Thursday,4,9,September,Q3,2023,2023-09
2023-09-15,15,Friday,5,9,September,Q3,2023,2023-09
2023-09-16,16,Saturday,6,9,September,Q3,2023,2023-09
2023-09-17,17,Sunday,7,9,September,Q3,2023,2023-09
2023-09-18,18,Monday,1,9,September,Q3,2023,2023-09
2023-09-19,19,Tuesday,2,9,September,Q3,2023,2023-09
2023-09-20,20,Wednesday,3,9,September,Q3,2023,2023-09
2023-09-21,21,Thursday,4,9,September,Q3,2023,2023-09
2023-09-22,22,Friday,5,9,September,Q3,2023,2023-09
2023-09-23,23,Saturday,6,9,September,Q3,2023,2023-09
2023-09-24,24,Sunday,7,9,September,Q3,2023,2023-09
2023-09-25,25,Monday,1,9,September,Q3,2023,2023-09
2023-09-26,26,Tuesday,2,9,September,Q3,2023,2023-09
2023-09-27,27,Wednesday,3,9,September,Q3,2023,2023-09
2023-09-28,28,Thursday,4,9,September,Q3,2023,2023-09
2023-09-29,29,Friday,5,9,September,Q3,2023,2023-09
2023-09-30,30,Saturday,6,9,September,Q3,2023,2023-09
2023-10-01,1,Sunday,7,10,October,Q4,2023,2023-10
2023-10-02,2,Monday,1,10,October,Q4,2023,2023-10
2023-10-03,3,Tuesday,2,10,October,Q4,2023,2023-10
2023-10-04,4,Wednesday,3,10,October,Q4,2023,2023-10
2023-10-05,5,Thursday,4,10,October,Q4,2023,2023-10
2023-10-06,6,Friday,5,10,October,Q4,2023,2023-10
2023-10-07,7,Saturday,6,10,October,Q4,2023,2023-10
2023-10-08,8,Sunday,7,10,October,Q4,2023,2023-10
2023-10-09,9,Monday,1,10,October,Q4,2023,2023-10
2023-10-10,10,Tuesday,2,10,October,Q4,2023,2023-10
2023-10-11,11,Wednesday,3,10,October,Q4,2023,2023-10
2023-10-12,12,Thursday,4,10,October,Q4,2023,2023-10
2023-10-13,13,Friday,5,10,October,Q4,2023,2023-10
2023-10-14,14,Saturday,6,10,October,Q4,2023,2023-10
2023-10-15,15,Sunday,7,10,October,Q4,2023,2023-10
2023-10-16,16,Monday,1,10,October,Q4,2023,2023-10
2023-10-17,17,Tuesday,2,10,October,Q4,2023,2023-10
2023-10-18,18,Wednesday,3,10,October,Q4,2023,2023-10
2023-10-19,19,Thursday,4,10,October,Q4,2023,2023-10
2023-10-20,20,Friday,5,10,October,Q4,2023,2023-10
2023-10-21,21,Saturday,6,10,October,Q4,2023,2023-10
2023-10-22,22,Sunday,7,10,October,Q4,2023,2023-10
2023-10-23,23,Monday,1,10,October,Q4,2023,2023-10
2023-10-24,24,Tuesday,2,10,October,Q4,2023,2023-10
2023-10-25,25,Wednesday,3,10,October,Q4,2023,2023-10
2023-10-26,26,Thursday,4,10,October,Q4,2023,2023-10
2023-10-27,27,Friday,5,10,October,Q4,2023,2023-10
2023-10-28,28,Saturday,6,10,October,Q4,2023,2023-10
2023-10-29,29,Sunday,7,10,October,Q4,2023,2023-10
2023-10-30,30,Monday,1,10,October,Q4,2023,2023-10
2023-10-31,31,Tuesday,2,10,October,Q4,2023,2023-10
2023-11-01,1,Wednesday,3,11,November,Q4,2023,2023-11
2023-11-02,2,Thursday,4,11,November,Q4,2023,2023-11
2023-11-03,3,Friday,5,11,November,Q4,2023,2023-11
2023-11-04,4,Saturday,6,11,November,Q4,2023,2023-11
2023-11-05,5,Sunday,7,11,November,Q4,2023,2023-11
2023-11-06,6,Monday,1,11,November,Q4,2023,2023-11
2023-11-07,7,Tuesday,2,11,November,Q4,2023,2023-11
2023-11-08,8,Wednesday,3,11,November,Q4,2023,2023-11
2023-11-09,9,Thursday,4,11,November,Q4,2023,2023-11
2023-11-10,10,Friday,5,11,November,Q4,2023,2023-11
2023-11-11,11,Saturday,6,11,November,Q4,2023,2023-11
2023-11-12,12,Sunday,7,11,November,Q4,2023,2023-11
2023-11-13,13,Monday,1,11,November,Q4,2023,2023-11
2023-11-14,14,Tuesday,2,11,November,Q4,2023,2023-11
2023-11-15,15,Wednesday,3,11,November,Q4,2023,2023-11
2023-11-16,16,Thursday,4,11,November,Q4,2023,2023-11
2023-11-17,17,Friday,5,11,November,Q4,2023,2023-11
2023-11-18,18,Saturday,6,11,November,Q4,2023,2023-11
2023-11-19,19,Sunday,7,11,November,Q4,2023,2023-11
2023-11-20,20,Monday,1,11,November,Q4,2023,2023-11
2023-11-21,21,Tuesday,2,11,November,Q4,2023,2023-11
2023-11-22,22,Wednesday,3,11,November,Q4,2023,2023-11
2023-11-23,23,Thursday,4,11,November,Q4,2023,2023-11
2023-11-24,24,Friday,5,11,November,Q4,2023,2023-11
2023-11-25,25,Saturday,6,11,November,Q4,2023,2023-11
2023-11-26,26,Sunday,7,11,November,Q4,2023,2023-11
2023-11-27,27,Monday,1,11,November,Q4,2023,2023-11
2023-11-28,28,Tuesday,2,11,November,Q4,2023,2023-11
2023-11-29,29,Wednesday,3,11,November,Q4,2023,2023-11
2023-11-30,30,Thursday,4,11,November,Q4,2023,2023-11
2023-12-01,1,Friday,5,12,December,Q4,2023,2023-12
2023-12-02,2,Saturday,6,12,December,Q4,2023,2023-12
2023-12-03,3,Sunday,7,12,December,Q4,2023,2023-12
2023-12-04,4,Monday,1,12,December,Q4,2023,2023-12
2023-12-05,5,Tuesday,2,12,December,Q4,2023,2023-12
2023-12-06,6,Wednesday,3,12,December,Q4,2023,2023-12
2023-12-07,7,Thursday,4,12,December,Q4,2023,2023-12
2023-12-08,8,Friday,5,12,December,Q4,2023,2023-12
2023-12-09,9,Saturday,6,12,December,Q4,2023,2023-12
2023-12-10,10,Sunday,7,12,December,Q4,2023,2023-12
2023-12-11,11,Monday,1,12,December,Q4,2023,2023-12
2023-12-12,12,Tuesday,2,12,December,Q4,2023,2023-12
2023-12-13,13,Wednesday,3,12,December,Q4,2023,2023-12
2023-12-14,14,Thursday,4,12,December,Q4,2023,2023-12
2023-12-15,15,Friday,5,12,December,Q4,2023,2023-12
2023-12-16,16,Saturday,6,12,December,Q4,2023,2023-12
2023-12-17,17,Sunday,7,12,December,Q4,2023,2023-12
2023-12-18,18,Monday,1,12,December,Q4,2023,2023-12
2023-12-19,19,Tuesday,2,12,December,Q4,2023,2023-12
2023-12-20,20,Wednesday,3,12,December,Q4,2023,2023-12
2023-12-21,21,Thursday,4,12,December,Q4,2023,2023-12
2023-12-22,22,Friday,5,12,December,Q4,2023,2023-12
2023-12-23,23,Saturday,6,12,December,Q4,2023,2023-12
2023-12-24,24,Sunday,7,12,December,Q4,2023,2023-12
2023-12-25,25,Monday,1,12,December,Q4,2023,2023-12
2023-12-26,26,Tuesday,2,12,December,Q4,2023,2023-12
2023-12-27,27,Wednesday,3,12,December,Q4,2023,2023-12
2023-12-28,28,Thursday,4,12,December,Q4,2023,2023-12
2023-12-29,29,Friday,5,12,December,Q4,2023,2023-12
2023-12-30,30,Saturday,6,12,December,Q4,2023,2023-12
2023-12-31,31,Sunday,7,12,December,Q4,2023,2023-12
2024-01-01,1,Monday,1,1,January,Q1,2024,2024-01
2024-01-02,2,Tuesday,2,1,January,Q1,2024,2024-01
2024-01-03,3,Wednesday,3,1,January,Q1,2024,2024-01
2024-01-04,4,Thursday,4,1,January,Q1,2024,2024-01
2024-01-05,5,Friday,5,1,January,Q1,2024,2024-01
2024-01-06,6,Saturday,6,1,January,Q1,2024,2024-01
2024-01-07,7,Sunday,7,1,January,Q1,2024,2024-01
2024-01-08,8,Monday,1,1,January,Q1,2024,2024-01
2024-01-09,9,Tuesday,2,1,January,Q1,2024,2024-01
2024-01-10,10,Wednesday,3,1,January,Q1,2024,2024-01
2024-01-11,11,Thursday,4,1,January,Q1,2024,2024-01
2024-01-12,12,Friday,5,1,January,Q1,2024,2024-01
2024-01-13,13,Saturday,6,1,January,Q1,2024,2024-01
2024-01-14,14,Sunday,7,1,January,Q1,2024,2024-01
2024-01-15,15,Monday,1,1,January,Q1,2024,2024-01
2024-01-16,16,Tuesday,2,1,January,Q1,2024,2024-01
2024-01-17,17,Wednesday,3,1,January,Q1,2024,2024-01
2024-01-18,18,Thursday,4,1,January,Q1,2024,2024-01
2024-01-19,19,Friday,5,1,January,Q1,2024,2024-01
2024-01-20,20,Saturday,6,1,January,Q1,2024,2024-01
2024-01-21,21,Sunday,7,1,January,Q1,2024,2024-01
2024-01-22,22,Monday,1,1,January,Q1,2024,2024-01
2024-01-23,23,Tuesday,2,1,January,Q1,2024,2024-01
2024-01-24,24,Wednesday,3,1,January,Q1,2024,2024-01
2024-01-25,25,Thursday,4,1,January,Q1,2024,2024-01
2024-01-26,26,Friday,5,1,January,Q1,2024,2024-01
2024-01-27,27,Saturday,6,1,January,Q1,2024,2024-01
2024-01-28,28,Sunday,7,1,January,Q1,2024,2024-01
2024-01-29,29,Monday,1,1,January,Q1,2024,2024-01
2024-01-30,30,Tuesday,2,1,January,Q1,2024,2024-01
2024-01-31,31,Wednesday,3,1,January,Q1,2024,2024-01
2024-02-01,1,Thursday,4,2,February,Q1,2024,2024-02
2024-02-02,2,Friday,5,2,February,Q1,2024,2024-02
2024-02-03,3,Saturday,6,2,February,Q1,2024,2024-02
2024-02-04,4,Sunday,7,2,February,Q1,2024,2024-02
2024-02-05,5,Monday,1,2,February,Q1,2024,2024-02
2024-02-06,6,Tuesday,2,2,February,Q1,2024,2024-02
2024-02-07,7,Wednesday,3,2,February,Q1,2024,2024-02
2024-02-08,8,Thursday,4,2,February,Q1,2024,2024-02
2024-02-09,9,Friday,5,2,February,Q1,2024,2024-02
2024-02-10,10,Saturday,6,2,February,Q1,2024,2024-02
2024-02-11,11,Sunday,7,2,February,Q1,2024,2024-02
2024-02-12,12,Monday,1,2,February,Q1,2024,2024-02
2024-02-13,13,Tuesday,2,2,February,Q1,2024,2024-02
2024-02-14,14,Wednesday,3,2,February,Q1,2024,2024-02
2024-02-15,15,Thursday,4,2,February,Q1,2024,2024-02
2024-02-16,16,Friday,5,2,February,Q1,2024,2024-02
2024-02-17,17,Saturday,6,2,February,Q1,2024,2024-02
2024-02-18,18,Sunday,7,2,February,Q1,2024,2024-02
2024-02-19,19,Monday,1,2,February,Q1,2024,2024-02
2024-02-20,20,Tuesday,2,2,February,Q1,2024,2024-02
2024-02-21,21,Wednesday,3,2,February,Q1,2024,2024-02
2024-02-22,22,Thursday,4,2,February,Q1,2024,2024-02
2024-02-23,23,Friday,5,2,February,Q1,2024,2024-02
2024-02-24,24,Saturday,6,2,February,Q1,2024,2024-02
2024-02-25,25,Sunday,7,2,February,Q1,2024,2024-02
2024-02-26,26,Monday,1,2,February,Q1,2024,2024-02
2024-02-27,27,Tuesday,2,2,February,Q1,2024,2024-02
2024-02-28,28,Wednesday,3,2,February,Q1,2024,2024-02
2024-02-29,29,Thursday,4,2,February,Q1,2024,2024-02
2024-03-01,1,Friday,5,3,March,Q1,2024,2024-03
2024-03-02,2,Saturday,6,3,March,Q1,2024,2024-03
2024-03-03,3,Sunday,7,3,March,Q1,2024,2024-03
2024-03-04,4,Monday,1,3,March,Q1,2024,2024-03
2024-03-05,5,Tuesday,2,3,March,Q1,2024,2024-03
2024-03-06,6,Wednesday,3,3,March,Q1,2024,2024-03
2024-03-07,7,Thursday,4,3,March,Q1,2024,2024-03
2024-03-08,8,Friday,5,3,March,Q1,2024,2024-03
2024-03-09,9,Saturday,6,3,March,Q1,2024,2024-03
2024-03-10,10,Sunday,7,3,March,Q1,2024,2024-03
2024-03-11,11,Monday,1,3,March,Q1,2024,2024-03
2024-03-12,12,Tuesday,2,3,March,Q1,2024,2024-03
2024-03-13,13,Wednesday,3,3,March,Q1,2024,2024-03
2024-03-14,14,Thursday,4,3,March,Q1,2024,2024-03
2024-03-15,15,Friday,5,3,March,Q1,2024,2024-03
2024-03-16,16,Saturday,6,3,March,Q1,2024,2024-03
2024-03-17,17,Sunday,7,3,March,Q1,2024,2024-03
2024-03-18,18,Monday,1,3,March,Q1,2024,2024-03
2024-03-19,19,Tuesday,2,3,March,Q1,2024,2024-03
2024-03-20,20,Wednesday,3,3,March,Q1,2024,2024-03
2024-03-21,21,Thursday,4,3,March,Q1,2024,2024-03
2024-03-22,22,Friday,5,3,March,Q1,2024,2024-03
2024-03-23,23,Saturday,6,3,March,Q1,2024,2024-03
2024-03-24,24,Sunday,7,3,March,Q1,2024,2024-03
2024-03-25,25,Monday,1,3,March,Q1,2024,2024-03
2024-03-26,26,Tuesday,2,3,March,Q1,2024,2024-03
2024-03-27,27,Wednesday,3,3,March,Q1,2024,2024-03
2024-03-28,28,Thursday,4,3,March,Q1,2024,2024-03
2024-03-29,29,Friday,5,3,March,Q1,2024,2024-03
2024-03-30,30,Saturday,6,3,March,Q1,2024,2024-03
2024-03-31,31,Sunday,7,3,March,Q1,2024,2024-03
2024-04-01,1,Monday,1,4,April,Q2,2024,2024-04
2024-04-02,2,Tuesday,2,4,April,Q2,2024,2024-04
2024-04-03,3,Wednesday,3,4,April,Q2,2024,2024-04
2024-04-04,4,Thursday,4,4,April,Q2,2024,2024-04
2024-04-05,5,Friday,5,4,April,Q2,2024,2024-04
2024-04-06,6,Saturday,6,4,April,Q2,2024,2024-04
2024-04-07,7,Sunday,7,4,April,Q2,2024,2024-04
2024-04-08,8,Monday,1,4,April,Q2,2024,2024-04
2024-04-09,9,Tuesday,2,4,April,Q2,2024,2024-04
2024-04-10,10,Wednesday,3,4,April,Q2,2024,2024-04
2024-04-11,11,Thursday,4,4,April,Q2,2024,2024-04
2024-04-12,12,Friday,5,4,April,Q2,2024,2024-04
2024-04-13,13,Saturday,6,4,April,Q2,2024,2024-04
2024-04-14,14,Sunday,7,4,April,Q2,2024,2024-04
2024-04-15,15,Monday,1,4,April,Q2,2024,2024-04
2024-04-16,16,Tuesday,2,4,April,Q2,2024,2024-04
2024-04-17,17,Wednesday,3,4,April,Q2,2024,2024-04
2024-04-18,18,Thursday,4,4,April,Q2,2024,2024-04
2024-04-19,19,Friday,5,4,April,Q2,2024,2024-04
2024-04-20,20,Saturday,6,4,April,Q2,2024,2024-04
2024-04-21,21,Sunday,7,4,April,Q2,2024,2024-04
2024-04-22,22,Monday,1,4,April,Q2,2024,2024-04
2024-04-23,23,Tuesday,2,4,April,Q2,2024,2024-04
2024-04-24,24,Wednesday,3,4,April,Q2,2024,2024-04
2024-04-25,25,Thursday,4,4,April,Q2,2024,2024-04
2024-04-26,26,Friday,5,4,April,Q2,2024,2024-04
2024-04-27,27,Saturday,6,4,April,Q2,2024,2024-04
2024-04-28,28,Sunday,7,4,April,Q2,2024,2024-04
2024-04-29,29,Monday,1,4,April,Q2,2024,2024-04
2024-04-30,30,Tuesday,2,4,April,Q2,2024,2024-04
2024-05-01,1,Wednesday,3,5,May,Q2,2024,2024-05
2024-05-02,2,Thursday,4,5,May,Q2,2024,2024-05
2024-05-03,3,Friday,5,5,May,Q2,2024,2024-05
2024-05-04,4,Saturday,6,5,May,Q2,2024,2024-05
2024-05-05,5,Sunday,7,5,May,Q2,2024,2024-05
2024-05-06,6,Monday,1,5,May,Q2,2024,2024-05
2024-05-07,7,Tuesday,2,5,May,Q2,2024,2024-05
2024-05-08,8,Wednesday,3,5,May,Q2,2024,2024-05
2024-05-09,9,Thursday,4,5,May,Q2,2024,2024-05
2024-05-10,10,Friday,5,5,May,Q2,2024,2024-05
2024-05-11,11,Saturday,6,5,May,Q2,2024,2024-05
2024-05-12,12,Sunday,7,5,May,Q2,2024,2024-05
2024-05-13,13,Monday,1,5,May,Q2,2024,2024-05
2024-05-14,14,Tuesday,2,5,May,Q2,2024,2024-05
2024-05-15,15,Wednesday,3,5,May,Q2,2024,2024-05
2024-05-16,16,Thursday,4,5,May,Q2,2024,2024-05
2024-05-17,17,Friday,5,5,May,Q2,2024,2024-05
2024-05-18,18,Saturday,6,5,May,Q2,2024,2024-05
2024-05-19,19,Sunday,7,5,May,Q2,2024,2024-05
2024-05-20,20,Monday,1,5,May,Q2,2024,2024-05
2024-05-21,21,Tuesday,2,5,May,Q2,2024,2024-05
2024-05-22,22,Wednesday,3,5,May,Q2,2024,2024-05
2024-05-23,23,Thursday,4,5,May,Q2,2024,2024-05
2024-05-24,24,Friday,5,5,May,Q2,2024,2024-05
2024-05-25,25,Saturday,6,5,May,Q2,2024,2024-05
2024-05-26,26,Sunday,7,5,May,Q2,2024,2024-05
2024-05-27,27,Monday,1,5,May,Q2,2024,2024-05
2024-05-28,28,Tuesday,2,5,May,Q2,2024,2024-05
2024-05-29,29,Wednesday,3,5,May,Q2,2024,2024-05
2024-05-30,30,Thursday,4,5,May,Q2,2024,2024-05
2024-05-31,31,Friday,5,5,May,Q2,2024,2024-05
2024-06-01,1,Saturday,6,6,June,Q2,2024,2024-06
2024-06-02,2,Sunday,7,6,June,Q2,2024,2024-06
2024-06-03,3,Monday,1,6,June,Q2,2024,2024-06
2024-06-04,4,Tuesday,2,6,June,Q2,2024,2024-06
2024-06-05,5,Wednesday,3,6,June,Q2,2024,2024-06
2024-06-06,6,Thursday,4,6,June,Q2,2024,2024-06
2024-06-07,7,Friday,5,6,June,Q2,2024,2024-06
2024-06-08,8,Saturday,6,6,June,Q2,2024,2024-06
2024-06-09,9,Sunday,7,6,June,Q2,2024,2024-06
2024-06-10,10,Monday,1,6,June,Q2,2024,2024-06
2024-06-11,11,Tuesday,2,6,June,Q2,2024,2024-06
2024-06-12,12,Wednesday,3,6,June,Q2,2024,2024-06
2024-06-13,13,Thursday,4,6,June,Q2,2024,2024-06
2024-06-14,14,Friday,5,6,June,Q2,2024,2024-06
2024-06-15,15,Saturday,6,6,June,Q2,2024,2024-06
2024-06-16,16,Sunday,7,6,June,Q2,2024,2024-06
2024-06-17,17,Monday,1,6,June,Q2,2024,2024-06
2024-06-18,18,Tuesday,2,6,June,Q2,2024,2024-06
2024-06-19,19,Wednesday,3,6,June,Q2,2024,2024-06
2024-06-20,20,Thursday,4,6,June,Q2,2024,2024-06
2024-06-21,21,Friday,5,6,June,Q2,2024,2024-06
2024-06-22,22,Saturday,6,6,June,Q2,2024,2024-06
2024-06-23,23,Sunday,7,6,June,Q2,2024,2024-06
2024-06-24,24,Monday,1,6,June,Q2,2024,2024-06
2024-06-25,25,Tuesday,2,6,June,Q2,2024,2024-06
2024-06-26,26,Wednesday,3,6,June,Q2,2024,2024-06
2024-06-27,27,Thursday,4,6,June,Q2,2024,2024-06
2024-06-28,28,Friday,5,6,June,Q2,2024,2024-06
2024-06-29,29,Saturday,6,6,June,Q2,2024,2024-06
2024-06-30,30,Sunday,7,6,June,Q2,2024,2024-06
2024-07-01,1,Monday,1,7,July,Q3,2024,2024-07
2024-07-02,2,Tuesday,2,7,July,Q3,2024,2024-07
2024-07-03,3,Wednesday,3,7,July,Q3,2024,2024-07
2024-07-04,4,Thursday,4,7,July,Q3,2024,2024-07
2024-07-05,5,Friday,5,7,July,Q3,2024,2024-07
2024-07-06,6,Saturday,6,7,July,Q3,2024,2024-07
2024-07-07,7,Sunday,7,7,July,Q3,2024,2024-07
2024-07-08,8,Monday,1,7,July,Q3,2024,2024-07
2024-07-09,9,Tuesday,2,7,July,Q3,2024,2024-07
2024-07-10,10,Wednesday,3,7,July,Q3,2024,2024-07
2024-07-11,11,Thursday,4,7,July,Q3,2024,2024-07
2024-07-12,12,Friday,5,7,July,Q3,2024,2024-07
2024-07-13,13,Saturday,6,7,July,Q3,2024,2024-07
2024-07-14,14,Sunday,7,7,July,Q3,2024,2024-07
2024-07-15,15,Monday,1,7,July,Q3,2024,2024-07
2024-07-16,16,Tuesday,2,7,July,Q3,2024,2024-07
2024-07-17,17,Wednesday,3,7,July,Q3,2024,2024-07
2024-07-18,18,Thursday,4,7,July,Q3,2024,2024-07
2024-07-19,19,Friday,5,7,July,Q3,2024,2024-07
2024-07-20,20,Saturday,6,7,July,Q3,2024,2024-07
2024-07-21,21,Sunday,7,7,July,Q3,2024,2024-07
2024-07-22,22,Monday,1,7,July,Q3,2024,2024-07
2024-07-23,23,Tuesday,2,7,July,Q3,2024,2024-07
2024-07-24,24,Wednesday,3,7,July,Q3,2024,2024-07
2024-07-25,25,Thursday,4,7,July,Q3,2024,2024-07
2024-07-26,26,Friday,5,7,July,Q3,2024,2024-07
2024-07-27,27,Saturday,6,7,July,Q3,2024,2024-07
2024-07-28,28,Sunday,7,7,July,Q3,2024,2024-07
2024-07-29,29,Monday,1,7,July,Q3,2024,2024-07
2024-07-30,30,Tuesday,2,7,July,Q3,2024,2024-07
2024-07-31,31,Wednesday,3,7,July,Q3,2024,2024-07
2024-08-01,1,Thursday,4,8,August,Q3,2024,2024-08
2024-08-02,2,Friday,5,8,August,Q3,2024,2024-08
2024-08-03,3,Saturday,6,8,August,Q3,2024,2024-08
2024-08-04,4,Sunday,7,8,August,Q3,2024,2024-08
2024-08-05,5,Monday,1,8,August,Q3,2024,2024-08
2024-08-06,6,Tuesday,2,8,August,Q3,2024,2024-08
2024-08-07,7,Wednesday,3,8,August,Q3,2024,2024-08
2024-08-08,8,Thursday,4,8,August,Q3,2024,2024-08
2024-08-09,9,Friday,5,8,August,Q3,2024,2024-08
2024-08-10,10,Saturday,6,8,August,Q3,2024,2024-08
2024-08-11,11,Sunday,7,8,August,Q3,2024,2024-08
2024-08-12,12,Monday,1,8,August,Q3,2024,2024-08
2024-08-13,13,Tuesday,2,8,August,Q3,2024,2024-08
2024-08-14,14,Wednesday,3,8,August,Q3,2024,2024-08
2024-08-15,15,Thursday,4,8,August,Q3,2024,2024-08
2024-08-16,16,Friday,5,8,August,Q3,2024,2024-08
2024-08-17,17,Saturday,6,8,August,Q3,2024,2024-08
2024-08-18,18,Sunday,7,8,August,Q3,2024,2024-08
2024-08-19,19,Monday,1,8,August,Q3,2024,2024-08
2024-08-20,20,Tuesday,2,8,August,Q3,2024,2024-08
2024-08-21,21,Wednesday,3,8,August,Q3,2024,2024-08
2024-08-22,22,Thursday,4,8,August,Q3,2024,2024-08
2024-08-23,23,Friday,5,8,August,Q3,2024,2024-08
2024-08-24,24,Saturday,6,8,August,Q3,2024,2024-08
2024-08-25,25,Sunday,7,8,August,Q3,2024,2024-08
2024-08-26,26,Monday,1,8,August,Q3,2024,2024-08
2024-08-27,27,Tuesday,2,8,August,Q3,2024,2024-08
2024-08-28,28,Wednesday,3,8,August,Q3,2024,2024-08
2024-08-29,29,Thursday,4,8,August,Q3,2024,2024-08
2024-08-30,30,Friday,5,8,August,Q3,2024,2024-08
2024-08-31,31,Saturday,6,8,August,Q3,2024,2024-08
2024-09-01,1,Sunday,7,9,September,Q3,2024,2024-09
2024-09-02,2,Monday,1,9,September,Q3,2024,2024-09
2024-09-03,3,Tuesday,2,9,September,Q3,2024,2024-09
2024-09-04,4,Wednesday,3,9,September,Q3,2024,2024-09
2024-09-05,5,Thursday,4,9,September,Q3,2024,2024-09
2024-09-06,6,Friday,5,9,September,Q3,2024,2024-09
2024-09-07,7,Saturday,6,9,September,Q3,2024,2024-09
2024-09-08,8,Sunday,7,9,September,Q3,2024,2024-09
2024-09-09,9,Monday,1,9,September,Q3,2024,2024-09
2024-09-10,10,Tuesday,2,9,September,Q3,2024,2024-09
2024-09-11,11,Wednesday,3,9,September,Q3,2024,2024-09
2024-09-12,12,Thursday,4,9,September,Q3,2024,2024-09
2024-09-13,13,Friday,5,9,September,Q3,2024,2024-09
2024-09-14,14,Saturday,6,9,September,Q3,2024,2024-09
2024-09-15,15,Sunday,7,9,September,Q3,2024,2024-09
2024-09-16,16,Monday,1,9,September,Q3,2024,2024-09
2024-09-17,17,Tuesday,2,9,September,Q3,2024,2024-09
2024-09-18,18,Wednesday,3,9,September,Q3,2024,2024-09
2024-09-19,19,Thursday,4,9,September,Q3,2024,2024-09
2024-09-20,20,Friday,5,9,September,Q3,2024,2024-09
2024-09-21,21,Saturday,6,9,September,Q3,2024,2024-09
2024-09-22,22,Sunday,7,9,September,Q3,2024,2024-09
2024-09-23,23,Monday,1,9,September,Q3,2024,2024-09
2024-09-24,24,Tuesday,2,9,September,Q3,2024,2024-09
2024-09-25,25,Wednesday,3,9,September,Q3,2024,2024-09
2024-09-26,26,Thursday,4,9,September,Q3,2024,2024-09
2024-09-27,27,Friday,5,9,September,Q3,2024,2024-09
2024-09-28,28,Saturday,6,9,September,Q3,2024,2024-09
2024-09-29,29,Sunday,7,9,September,Q3,2024,2024-09
2024-09-30,30,Monday,1,9,September,Q3,2024,2024-09
2024-10-01,1,Tuesday,2,10,October,Q4,2024,2024-10
2024-10-02,2,Wednesday,3,10,October,Q4,2024,2024-10
2024-10-03,3,Thursday,4,10,October,Q4,2024,2024-10
2024-10-04,4,Friday,5,10,October,Q4,2024,2024-10
2024-10-05,5,Saturday,6,10,October,Q4,2024,2024-10
2024-10-06,6,Sunday,7,10,October,Q4,2024,2024-10
2024-10-07,7,Monday,1,10,October,Q4,2024,2024-10
2024-10-08,8,Tuesday,2,10,October,Q4,2024,2024-10
