Date,Total_Sales,Units_Sold,Transactions,Average_Price_Per_Unit,Average_Sales_Per_Transaction
2021-10-09,592659.98,20,3,26422.49,197553.32666666666
2021-10-10,754917.3700000001,17,4,43197.667499999996,188729.34250000003
2021-10-11,664212.3999999999,14,3,51349.06,221404.1333333333
2021-10-12,1039543.2799999999,23,3,44396.02333333334,346514.42666666664
2021-10-13,627491.91,18,3,39130.64666666667,209163.97
2021-10-14,611763.13,13,4,45202.61,152940.7825
2021-10-15,793683.48,23,3,38249.86666666667,264561.16
2021-10-16,537303.22,17,3,30864.433333333334,179101.07333333333
2021-10-17,315100.37,7,3,46130.27333333334,105033.45666666667
2021-10-18,413442.93,15,4,31527.695,103360.7325
2021-10-19,192321.64,6,3,37082.48333333333,64107.21333333334
2021-10-20,545442.64,17,3,33519.35333333333,181814.21333333335
2021-10-21,837799.54,17,3,43770.61666666667,279266.51333333337
2021-10-22,506492.52,20,3,30116.349999999995,168830.84
2021-10-23,773330.7100000001,19,4,40097.457500000004,193332.67750000002
2021-10-24,473861.22,9,3,39090.176666666666,157953.74
2021-10-25,461610.62,16,4,31335.6475,115402.655
2021-10-26,635027.4299999999,21,4,31453.4575,158756.85749999998
2021-10-27,887251.8099999999,20,4,44058.4075,221812.95249999998
2021-10-28,388129.89999999997,16,3,26101.7,129376.63333333332
2021-10-29,1007664.4500000001,23,4,41321.8425,251916.11250000002
2021-10-30,647361.03,10,3,55750.31666666666,215787.01
2021-10-31,714021.6300000001,21,4,39792.3925,178505.40750000003
2021-11-01,1380848.4300000002,26,4,53283.6825,345212.10750000004
2021-11-02,609334.78,19,4,27459.9425,152333.695
2021-11-03,433822.81,19,4,31546.0775,108455.7025
2021-11-04,1074103.68,27,4,41185.4425,268525.92
2021-11-05,626874.54,16,4,43244.38,156718.635
2021-11-06,633113.28,24,4,32097.7825,158278.32
2021-11-07,712697.63,15,4,51352.417499999996,178174.4075
2021-11-08,290414.07,10,3,32405.726666666666,96804.69
2021-11-09,1110088.25,18,3,59892.48,370029.4166666667
2021-11-10,514337.26,18,4,36188.450000000004,128584.315
2021-11-11,1042965.1599999999,21,4,49703.7225,260741.28999999998
2021-11-12,453031.74,16,4,29173.427499999998,113257.935
2021-11-13,400454.88,11,3,43706.329999999994,133484.96
2021-11-14,784907.28,18,4,37684.39,196226.82
2021-11-15,607802.38,13,3,43434.12666666667,202600.79333333333
2021-11-16,656937.16,17,3,40981.956666666665,218979.05333333334
2021-11-17,293653.94,11,3,40249.21666666667,97884.64666666667
2021-11-18,844969.36,18,3,49974.81666666667,281656.4533333333
2021-11-19,756340.87,19,3,40207.916666666664,252113.62333333332
2021-11-20,1350547.77,32,4,42573.06,337636.9425
2021-11-21,815783.68,19,4,37580.105,203945.92
2021-11-22,840799.87,24,4,36245.03,210199.9675
2021-11-23,532253.7,19,4,32350.1525,133063.425
2021-11-24,975126.9099999999,18,4,46566.9525,243781.72749999998
2021-11-25,353816.19,11,3,37484.223333333335,117938.73
2021-11-26,886387.8,22,4,41512.665,221596.95
2021-11-27,1090297.4,23,4,42492.369999999995,272574.35
2021-11-28,465926.89,10,3,43792.35,155308.96333333335
2021-11-29,896903.47,18,4,57078.7225,224225.8675
2021-11-30,448828.53,12,3,44143.03666666666,149609.51
2021-12-01,323911.24,23,4,14851.3575,80977.81
2021-12-02,1088709.3,22,3,49214.26666666666,362903.10000000003
2021-12-03,1076564.86,19,4,49335.6975,269141.215
2021-12-04,543508.23,14,4,40309.3775,135877.0575
2021-12-05,722929.0700000001,21,3,32449.47666666667,240976.3566666667
2021-12-06,483476.72000000003,13,3,37965.66333333334,161158.90666666668
2021-12-07,600495.6,14,3,42282.80333333334,200165.19999999998
2021-12-08,998840.78,20,3,45402.28333333333,332946.9266666667
2021-12-09,889675.73,17,3,52415.09666666667,296558.57666666666
2021-12-10,550331.19,19,3,31429.62,183443.72999999998
2021-12-11,276434.69,12,3,28635.926666666666,92144.89666666667
2021-12-12,1011171.5800000001,18,3,57820.799999999996,337057.19333333336
2021-12-13,1524246.23,30,4,49211.97,381061.5575
2021-12-14,1256848.05,22,4,52801.3925,314212.0125
2021-12-15,459259.75,14,3,39608.63,153086.58333333334
2021-12-16,659646.65,26,4,25327.1375,164911.6625
2021-12-17,350964.16000000003,17,4,29388.010000000002,87741.04000000001
2021-12-18,586148.3,18,4,27893.8325,146537.075
2021-12-19,786464.8300000001,13,4,46985.362499999996,196616.20750000002
2021-12-20,410401.43,13,3,40261.26,136800.47666666665
2021-12-21,1160770.08,18,4,63384.2975,290192.52
2021-12-22,628757.96,12,3,47154.21666666667,209585.98666666666
2021-12-23,902025.5099999999,22,4,37631.80499999999,225506.37749999997
2021-12-24,1260040.56,23,4,52963.8725,315010.14
2021-12-25,660096.2,17,4,41477.54,165024.05
2021-12-26,380628.57999999996,10,3,29972.63,126876.19333333331
2021-12-27,691042.0599999999,21,4,36216.56,172760.51499999998
2021-12-28,501823.45,13,3,39531.07666666667,167274.48333333334
2021-12-29,551365.94,11,4,43800.3475,137841.485
2021-12-30,652981.21,15,3,36165.933333333334,217660.40333333332
2021-12-31,522157.52,18,4,31761.68,130539.38
2022-01-01,421295.89,8,3,54356.583333333336,140431.96333333335
2022-01-02,402716.54000000004,15,3,28207.059999999998,134238.84666666668
2022-01-03,502254.88999999996,17,4,23185.27,125563.72249999999
2022-01-04,1396071.7999999998,22,3,63966.84666666666,465357.2666666666
2022-01-05,1030246.0900000001,26,4,37110.39,257561.52250000002
2022-01-06,896684.68,25,4,35987.69,224171.17
2022-01-07,714371.6,20,4,42930.322499999995,178592.9
2022-01-08,522696.52,19,4,30671.94,130674.13
2022-01-09,617133.26,20,4,38736.6875,154283.315
2022-01-10,958894.5800000001,25,4,38898.135,239723.64500000002
2022-01-11,830373.5800000001,24,4,39566.265,207593.39500000002
2022-01-12,821094.6000000001,21,4,34452.42,205273.65000000002
2022-01-13,363129.62,10,4,39007.4825,90782.405
2022-01-14,618125.72,23,4,26316.087499999998,154531.43
2022-01-15,900270.52,23,4,41802.0775,225067.63
2022-01-16,567314.1299999999,11,3,53981.01333333333,189104.70999999996
2022-01-17,984101.5700000001,19,3,45933.80333333334,328033.8566666667
2022-01-18,232504.1,11,4,27620.4775,58126.025
2022-01-19,1065330.23,28,4,41070.6575,266332.5575
2022-01-20,904767.69,25,4,34738.175,226191.9225
2022-01-21,951214.98,28,4,33204.405,237803.745
2022-01-22,1174136.54,28,4,41475.45,293534.135
2022-01-23,374644.95,14,4,23908.192499999997,93661.2375
2022-01-24,959500.79,25,4,37970.145,239875.1975
2022-01-25,345853.89,14,4,32079.737500000003,86463.4725
2022-01-26,382325.62,10,3,34962.51333333333,127441.87333333334
2022-01-27,621166.97,16,4,38246.0325,155291.7425
2022-01-28,982616.01,20,3,43544.21,327538.67
2022-01-29,778343.95,23,4,33012.7475,194585.9875
2022-01-30,1000869.46,17,4,55626.735,250217.365
2022-01-31,454601.38,17,3,29048.8,151533.79333333333
2022-02-01,1262267.8199999998,23,4,54029.315,315566.95499999996
2022-02-02,1094877.54,19,3,57501.34666666667,364959.18
2022-02-03,699789.24,16,4,41342.5825,174947.31
2022-02-04,579301.34,17,4,35902.8775,144825.335
2022-02-05,738770.5800000001,15,3,54703.380000000005,246256.86000000002
2022-02-06,1017977.17,21,4,51599.41499999999,254494.2925
2022-02-07,419847.30000000005,13,3,39980.01666666666,139949.1
2022-02-08,1156088.54,20,4,58511.28,289022.135
2022-02-09,350020.14,12,3,28720.89333333333,116673.38
2022-02-10,454753.16,14,3,36028.97,151584.38666666666
2022-02-11,740615.61,23,4,33193.3425,185153.9025
2022-02-12,507259.42000000004,19,4,24337.6425,126814.85500000001
2022-02-13,1140759.56,22,3,46875.81333333333,380253.1866666667
2022-02-14,826145.91,13,4,63821.075,206536.4775
2022-02-15,866210.98,22,4,39911.3625,216552.745
2022-02-16,979613.18,22,4,42805.1925,244903.295
2022-02-17,492659.33999999997,10,3,47277.66333333333,164219.78
2022-02-18,920120.8699999999,17,3,50802.92333333333,306706.9566666666
2022-02-19,320214.93,11,3,33206.31333333333,106738.31
2022-02-20,382673.52,12,3,42622.9,127557.84000000001
2022-02-21,639359.3999999999,13,3,43596.40666666667,213119.79999999996
2022-02-22,700568.87,16,3,41913.420000000006,233522.95666666667
2022-02-23,833637.1900000001,16,3,51631.16,277879.06333333335
2022-02-24,161689.95,4,3,44071.13999999999,53896.65
2022-02-25,798413.1599999999,13,3,63591.64000000001,266137.72
2022-02-26,668330.0599999999,17,4,44063.61,167082.51499999998
2022-02-27,457243.13,13,3,39846.736666666664,152414.37666666668
2022-02-28,355767.81,12,4,27006.6875,88941.9525
2022-03-01,610209.74,13,4,42185.065,152552.435
2022-03-02,1217225.78,24,4,52194.91,304306.445
2022-03-03,1025118.04,23,3,43174.63,341706.01333333337
2022-03-04,707788.37,17,3,43016.520000000004,235929.45666666667
2022-03-05,682058.79,15,3,48577.049999999996,227352.93000000002
2022-03-06,882051.05,20,3,39231.433333333334,294017.01666666666
2022-03-07,1210358.7,28,4,42561.7525,302589.675
2022-03-08,325030.9,15,3,30180.14333333333,108343.63333333335
2022-03-09,290553.93,10,3,30545.64,96851.31
2022-03-10,717667.97,15,3,46803.799999999996,239222.65666666665
2022-03-11,654080.1,17,3,43355.456666666665,218026.69999999998
2022-03-12,383121.18,11,3,38337.08666666667,127707.06
2022-03-13,1127170.06,25,4,44123.0075,281792.515
2022-03-14,472655.8,12,3,46509.59666666666,157551.93333333332
2022-03-15,1090101.48,24,4,43807.285,272525.37
2022-03-16,636169.2,14,3,43101.170000000006,212056.4
2022-03-17,1149958.4,22,4,44295.3825,287489.6
2022-03-18,757610.1,12,3,63899.23,252536.69999999998
2022-03-19,534982.1799999999,15,3,36809.41333333333,178327.3933333333
2022-03-20,759700.24,20,4,33695.2675,189925.06
2022-03-21,1271610.94,21,4,60614.265,317902.735
2022-03-22,1080167.32,23,4,48774.435,270041.83
2022-03-23,582257.24,11,3,54033.84333333333,194085.74666666667
2022-03-24,813833.81,21,4,34817.4875,203458.4525
2022-03-25,376213.13,7,3,46550.216666666674,125404.37666666666
2022-03-26,716312.0599999999,21,3,33381.473333333335,238770.68666666665
2022-03-27,703539.46,21,4,34084.0625,175884.865
2022-03-28,660100.36,23,4,28867.420000000002,165025.09
2022-03-29,1362097.4000000001,22,3,62140.473333333335,454032.46666666673
2022-03-30,544431.5,12,3,33106.47666666666,181477.16666666666
2022-03-31,1262382.97,28,4,47073.865,315595.7425
2022-04-01,623066.37,16,4,39472.4225,155766.5925
2022-04-02,320116.63,8,4,41017.8375,80029.1575
2022-04-03,541060.28,12,3,39596.07,180353.42666666667
2022-04-04,666536.4,12,3,46193.996666666666,222178.80000000002
2022-04-05,306590.81,11,3,29757.73,102196.93666666666
2022-04-06,1002856.1599999999,17,3,58359.04666666667,334285.38666666666
2022-04-07,462388.70999999996,14,3,35736.64333333333,154129.56999999998
2022-04-08,592971.8400000001,15,3,41874.513333333336,197657.28000000003
2022-04-09,878129.5,24,4,35153.707500000004,219532.375
2022-04-10,944339.27,17,3,59464.763333333336,314779.75666666665
2022-04-11,677621.35,15,3,44971.77333333334,225873.78333333333
2022-04-12,855417.8999999999,20,3,37377.026666666665,285139.3
2022-04-13,988722.91,21,4,45610.33,247180.7275
2022-04-14,399840.98,15,3,31250.02,133280.32666666666
2022-04-15,641650.35,13,3,50537.27,213883.44999999998
2022-04-16,271671.48,11,4,35998.4625,67917.87
2022-04-17,1042639.0,20,3,54085.579999999994,347546.3333333333
2022-04-18,688675.19,21,3,31518.01,229558.39666666664
2022-04-19,723791.8600000001,20,3,35775.44666666666,241263.95333333337
2022-04-20,489679.70999999996,14,3,32850.56333333333,163226.56999999998
2022-04-21,372764.36,18,3,21747.143333333333,124254.78666666667
2022-04-22,1022565.48,30,4,34377.9375,255641.37
2022-04-23,578994.8300000001,23,4,25559.93,144748.70750000002
2022-04-24,533812.8400000001,23,4,29188.775,133453.21000000002
2022-04-25,555601.3500000001,16,3,42100.1,185200.45000000004
2022-04-26,751937.01,24,3,33677.53333333333,250645.67
2022-04-27,254788.45,8,3,38976.583333333336,84929.48333333334
2022-04-28,577224.65,11,4,48413.985,144306.1625
2022-04-29,880392.14,20,3,46145.78666666666,293464.0466666667
2022-04-30,670206.1600000001,17,3,38330.950000000004,223402.05333333337
2022-05-01,1201620.02,26,4,44596.762500000004,300405.005
2022-05-02,344337.56,14,3,20098.453333333335,114779.18666666666
2022-05-03,1009299.76,21,4,44667.65,252324.94
2022-05-04,989977.49,19,4,49651.494999999995,247494.3725
2022-05-05,353429.85,9,4,42070.93,88357.4625
2022-05-06,368755.9,9,3,41887.23333333333,122918.63333333335
2022-05-07,689497.88,11,3,57542.08666666667,229832.62666666668
2022-05-08,961716.16,18,3,55527.26,320572.05333333334
2022-05-09,888364.8099999999,19,3,43332.90666666667,296121.60333333333
2022-05-10,393013.76,9,3,39041.950000000004,131004.58666666667
2022-05-11,760337.81,15,3,52593.5,253445.93666666668
2022-05-12,612298.04,12,3,50049.21333333334,204099.34666666668
2022-05-13,804472.89,24,4,32607.9825,201118.2225
2022-05-14,582814.36,12,3,45046.536666666674,194271.45333333334
2022-05-15,870002.8400000001,18,4,44336.7125,217500.71000000002
2022-05-16,641703.11,14,3,44818.909999999996,213901.03666666665
2022-05-17,1010517.1000000001,22,3,43672.683333333334,336839.0333333334
2022-05-18,495852.19999999995,14,3,35132.043333333335,165284.06666666665
2022-05-19,620410.27,17,4,37359.8675,155102.5675
2022-05-20,1325044.85,27,4,48837.825,331261.2125
2022-05-21,687894.1400000001,19,4,36260.7475,171973.53500000003
2022-05-22,764383.5,18,4,40495.465,191095.875
2022-05-23,427043.49,13,3,37093.83666666667,142347.83
2022-05-24,865052.56,18,4,51493.34,216263.14
2022-05-25,456409.95,10,3,49370.87333333333,152136.65
2022-05-26,240907.83000000002,7,3,34689.14666666667,80302.61
2022-05-27,661861.4400000001,18,4,32546.989999999998,165465.36000000002
2022-05-28,1493583.3499999999,31,4,49206.2075,373395.83749999997
2022-05-29,764765.01,22,4,37731.9075,191191.2525
2022-05-30,863323.2,23,4,38243.6525,215830.8
2022-05-31,803268.78,22,4,38963.5,200817.195
2022-06-01,819046.98,20,4,43670.415,204761.745
2022-06-02,675798.7200000001,18,4,36633.4475,168949.68000000002
2022-06-03,760488.49,26,4,33935.325,190122.1225
2022-06-04,411944.17,11,3,37035.26,137314.72333333333
2022-06-05,959879.4700000001,23,4,38427.8025,239969.86750000002
2022-06-06,1189535.1600000001,26,4,46811.85,297383.79000000004
2022-06-07,828053.53,20,3,39951.44666666666,276017.8433333333
2022-06-08,762978.49,25,4,31969.447500000002,190744.6225
2022-06-09,173701.84000000003,7,3,37061.53333333333,57900.61333333334
2022-06-10,721921.6,17,3,45804.51666666666,240640.53333333333
2022-06-11,825090.08,21,4,45726.635,206272.52
2022-06-12,772452.41,22,3,33519.38,257484.1366666667
2022-06-13,920104.8400000001,18,3,51746.003333333334,306701.61333333334
2022-06-14,758393.0,13,3,45944.56666666667,252797.66666666666
2022-06-15,853929.43,20,3,40284.08,284643.14333333337
2022-06-16,888899.51,22,4,33877.9175,222224.8775
2022-06-17,668648.8500000001,15,3,33819.31333333333,222882.95000000004
2022-06-18,1187370.98,25,4,49592.705,296842.745
2022-06-19,1093442.8399999999,21,3,51154.700000000004,364480.9466666666
2022-06-20,474671.14,12,3,41263.433333333334,158223.71333333335
2022-06-21,583537.99,11,3,40325.456666666665,194512.66333333333
2022-06-22,342046.15,13,3,23353.336666666666,114015.38333333335
2022-06-23,638153.8,20,4,31942.73,159538.45
2022-06-24,1254025.4,28,4,41870.427500000005,313506.35
2022-06-25,239877.5,11,3,21911.913333333334,79959.16666666667
2022-06-26,1182394.29,21,3,54768.880000000005,394131.43
2022-06-27,464526.05,18,4,32034.0575,116131.5125
2022-06-28,484010.9000000001,8,3,50366.06333333333,161336.9666666667
2022-06-29,505872.48,9,3,58903.13333333334,168624.16
2022-06-30,240250.06,13,3,21922.186666666665,80083.35333333333
2022-07-01,1455649.62,25,4,58273.5925,363912.405
2022-07-02,1311359.25,25,4,53305.6375,327839.8125
2022-07-03,1270182.98,24,4,50912.6225,317545.745
2022-07-04,314823.81,19,3,26860.096666666665,104941.27
2022-07-05,812650.58,16,3,45479.03333333333,270883.5266666667
2022-07-06,391659.71,23,4,15976.357499999998,97914.9275
2022-07-07,610049.38,22,4,35440.825,152512.345
2022-07-08,841302.49,20,4,46667.792499999996,210325.6225
2022-07-09,711962.6,20,4,33442.36,177990.65
2022-07-10,854787.98,19,3,45928.170000000006,284929.32666666666
2022-07-11,1248112.38,27,4,45185.9725,312028.095
2022-07-12,707836.18,12,3,52967.40333333334,235945.39333333334
2022-07-13,608844.11,17,4,39890.2725,152211.0275
2022-07-14,940499.72,20,3,42797.933333333334,313499.9066666667
2022-07-15,956605.9999999999,26,4,30851.85,239151.49999999997
2022-07-16,825635.56,22,4,32435.375,206408.89
2022-07-17,728167.14,18,4,42482.9,182041.785
2022-07-18,679309.4,14,4,41480.4725,169827.35
2022-07-19,363838.1,13,3,25850.24,121279.36666666665
2022-07-20,597474.6,17,4,40034.3625,149368.65
2022-07-21,657517.88,12,3,42177.583333333336,219172.62666666668
2022-07-22,395947.83999999997,12,3,30971.89,131982.6133333333
2022-07-23,1101446.4300000002,18,3,60386.28,367148.81000000006
2022-07-24,463898.3,13,3,47162.920000000006,154632.76666666666
2022-07-25,746260.03,14,4,39779.979999999996,186565.0075
2022-07-26,584467.84,11,3,44685.00666666666,194822.6133333333
2022-07-27,874310.42,20,3,40975.79,291436.8066666667
2022-07-28,760412.83,22,3,35256.53,253470.94333333333
2022-07-29,1279692.31,23,4,55657.0975,319923.0775
2022-07-30,746529.85,25,4,32681.5825,186632.4625
2022-07-31,888493.75,23,4,37193.3925,222123.4375
2022-08-01,535331.29,21,4,30086.809999999998,133832.8225
2022-08-02,625123.54,16,3,35409.53333333333,208374.51333333334
2022-08-03,198042.0,8,3,28290.183333333334,66014.0
2022-08-04,1098805.42,29,4,38489.245,274701.355
2022-08-05,742880.4299999999,13,3,58306.90333333333,247626.80999999997
2022-08-06,851678.64,17,3,47558.94,283892.88
2022-08-07,1007826.1799999999,21,3,47427.630000000005,335942.06
2022-08-08,704423.62,23,4,36033.44,176105.905
2022-08-09,869007.31,29,4,29476.675000000003,217251.8275
2022-08-10,703363.2,15,3,42857.12666666667,234454.4
2022-08-11,732690.52,23,4,38749.09,183172.63
2022-08-12,651844.81,14,4,55212.832500000004,162961.2025
2022-08-13,1297902.58,29,4,43215.215,324475.645
2022-08-14,386718.32,14,4,34221.3725,96679.58
2022-08-15,641008.08,18,4,38002.125,160252.02
2022-08-16,1063105.37,20,3,54313.079999999994,354368.4566666667
2022-08-17,1253056.94,23,4,50234.285,313264.235
2022-08-18,305704.9,11,3,24165.966666666664,101901.63333333335
2022-08-19,698234.0800000001,17,3,37827.88333333333,232744.69333333336
2022-08-20,867029.69,19,4,45912.6975,216757.4225
2022-08-21,605553.06,19,3,31196.92333333333,201851.02000000002
2022-08-22,427476.64,9,3,49409.42333333334,142492.21333333335
2022-08-23,298440.47,10,3,27089.536666666667,99480.15666666666
2022-08-24,972767.0700000001,27,4,35195.3975,243191.76750000002
2022-08-25,937402.29,24,4,40914.695,234350.5725
2022-08-26,347065.08999999997,16,3,33960.20333333333,115688.36333333333
2022-08-27,529142.38,14,4,43033.347499999996,132285.595
2022-08-28,922345.48,22,4,43321.707500000004,230586.37
2022-08-29,994452.28,22,4,36557.095,248613.07
2022-08-30,1135462.04,23,4,47798.7875,283865.51
2022-08-31,714396.28,22,3,31801.406666666666,238132.09333333335
2022-09-01,598825.2,10,3,61029.35333333333,199608.4
2022-09-02,431454.98,22,4,28852.735,107863.745
2022-09-03,674700.15,29,4,22911.79,168675.0375
2022-09-04,433274.02999999997,8,3,44384.83666666667,144424.67666666667
2022-09-05,370100.56,18,3,23697.033333333336,123366.85333333333
2022-09-06,330853.83,12,4,27720.4725,82713.4575
2022-09-07,470345.5,11,3,43817.46666666667,156781.83333333334
2022-09-08,678761.83,20,4,39136.705,169690.4575
2022-09-09,483792.5,12,4,43286.5875,120948.125
2022-09-10,502525.5,12,3,46993.243333333325,167508.5
2022-09-11,1113249.58,18,3,63335.07666666666,371083.19333333336
2022-09-12,1405439.89,27,4,53849.1125,351359.9725
2022-09-13,292700.6,8,4,47500.435,73175.15
2022-09-14,747604.1599999999,13,3,47922.97333333333,249201.38666666663
2022-09-15,908058.0900000001,29,4,30114.72,227014.52250000002
2022-09-16,1069081.6199999999,20,3,53205.920000000006,356360.54
2022-09-17,522460.35,17,4,27531.86,130615.0875
2022-09-18,405536.25,17,3,26141.056666666667,135178.75
2022-09-19,458248.8,14,3,31202.789999999997,152749.6
2022-09-20,160585.82,8,3,29875.41333333333,53528.60666666667
2022-09-21,542693.53,14,4,43418.7725,135673.3825
2022-09-22,748988.41,20,4,38350.0725,187247.1025
2022-09-23,629251.75,17,3,44467.869999999995,209750.58333333334
2022-09-24,600318.15,17,4,32910.0175,150079.5375
2022-09-25,489395.12,22,3,23357.14333333333,163131.70666666667
2022-09-26,1128370.7799999998,23,3,47504.28666666666,376123.59333333327
2022-09-27,747830.27,21,4,33341.1875,186957.5675
2022-09-28,1026516.5499999999,21,4,42610.025,256629.13749999998
2022-09-29,382421.36,9,3,40284.333333333336,127473.78666666667
2022-09-30,392974.41000000003,10,4,24813.0075,98243.60250000001
2022-10-01,572454.0,18,4,25584.9525,143113.5
2022-10-02,985648.8099999999,17,3,56602.863333333335,328549.60333333333
2022-10-03,556478.24,12,3,44062.96333333334,185492.74666666667
2022-10-04,1266937.1400000001,25,4,48492.707500000004,316734.28500000003
2022-10-05,465983.49,11,3,39011.12,155327.83
2022-10-06,685719.0700000001,12,3,59691.96,228573.02333333335
2022-10-07,531766.01,17,4,28317.559999999998,132941.5025
2022-10-08,289285.08999999997,11,3,29023.366666666665,96428.36333333333
2022-10-09,820676.23,14,3,60314.25,273558.74333333335
2022-10-10,1426185.38,25,4,55539.582500000004,356546.345
2022-10-11,967504.8699999999,17,4,56759.6775,241876.21749999997
2022-10-12,123076.2,7,3,16195.18,41025.4
2022-10-13,362727.71,17,3,22622.850000000002,120909.23666666668
2022-10-14,836341.0,21,4,42080.07,209085.25
2022-10-15,1209544.6099999999,23,4,44162.409999999996,302386.15249999997
2022-10-16,528908.55,16,4,29481.927499999998,132227.1375
2022-10-17,710834.4099999999,25,4,27824.864999999998,177708.60249999998
2022-10-18,577888.89,16,3,36947.37,192629.63
2022-10-19,327069.71,18,4,25657.4925,81767.4275
2022-10-20,572569.11,11,4,36195.295,143142.2775
2022-10-21,1231670.68,22,3,54654.863333333335,410556.8933333333
2022-10-22,1076644.48,25,4,46505.1975,269161.12
2022-10-23,934405.42,19,3,47808.67333333334,311468.4733333333
2022-10-24,395792.60000000003,8,4,43226.895000000004,98948.15000000001
2022-10-25,1086103.47,20,4,54231.287500000006,271525.8675
2022-10-26,379157.06000000006,10,4,37760.785,94789.26500000001
2022-10-27,873854.5,19,3,46701.81666666667,291284.8333333333
2022-10-28,175272.79,6,3,30798.553333333333,58424.263333333336
2022-10-29,857860.05,28,4,29882.4925,214465.0125
2022-10-30,583718.15,13,3,39669.676666666666,194572.71666666667
2022-10-31,561318.96,12,3,48725.97666666666,187106.31999999998
2022-11-01,430074.19,8,3,44362.03333333333,143358.06333333332
2022-11-02,1238031.6600000001,21,3,59650.32666666667,412677.22000000003
2022-11-03,363974.33,11,3,26355.95,121324.77666666667
2022-11-04,491806.80000000005,14,3,38809.64333333333,163935.6
2022-11-05,724599.5,16,4,45704.04,181149.875
2022-11-06,842113.47,19,4,46953.615,210528.3675
2022-11-07,395762.2,21,3,21827.006666666668,131920.73333333334
2022-11-08,996164.7999999999,17,4,53123.4075,249041.19999999998
2022-11-09,993883.0800000001,19,4,44907.1275,248470.77000000002
2022-11-10,917472.74,19,4,43416.0475,229368.185
2022-11-11,1303562.3699999999,26,4,45679.2575,325890.59249999997
2022-11-12,735033.88,18,3,41421.17,245011.29333333333
2022-11-13,481359.81000000006,18,4,25834.557500000003,120339.95250000001
2022-11-14,585402.75,18,4,31641.879999999997,146350.6875
2022-11-15,146744.45,5,3,39375.56333333333,48914.81666666667
2022-11-16,653159.0700000001,20,3,36865.76,217719.69000000003
2022-11-17,443875.9,9,4,41410.587499999994,110968.975
2022-11-18,915680.73,25,4,35899.405,228920.1825
2022-11-19,1252167.25,21,4,57951.79,313041.8125
2022-11-20,1126134.6500000001,28,4,39758.795,281533.66250000003
2022-11-21,943175.35,18,4,50801.145000000004,235793.8375
2022-11-22,924234.12,24,4,40029.7325,231058.53
2022-11-23,1104489.01,26,3,43419.71333333333,368163.00333333336
2022-11-24,394245.87,11,4,25577.805,98561.4675
2022-11-25,1002919.63,20,4,50543.345,250729.9075
2022-11-26,588495.1300000001,17,3,30751.870000000006,196165.04333333336
2022-11-27,202926.65000000002,7,3,26928.5,67642.21666666667
2022-11-28,152925.1,8,3,28727.086666666666,50975.03333333333
2022-11-29,226537.55,14,3,30774.316666666666,75512.51666666666
2022-11-30,1399710.62,22,4,62597.01,349927.655
2022-12-01,699425.73,24,4,27797.1925,174856.4325
2022-12-02,740965.5800000001,16,4,40813.6875,185241.39500000002
2022-12-03,637938.72,11,4,56048.9625,159484.68
2022-12-04,216020.74,6,4,45514.729999999996,54005.185
2022-12-05,767489.9199999999,19,4,43626.29,191872.47999999998
2022-12-06,491451.70999999996,15,3,30917.543333333335,163817.23666666666
2022-12-07,654220.42,22,4,29078.41,163555.105
2022-12-08,726780.54,18,3,41259.916666666664,242260.18000000002
2022-12-09,467257.16,11,3,44302.46666666667,155752.38666666666
2022-12-10,1150517.26,27,4,41157.05,287629.315
2022-12-11,775940.6499999999,20,3,37471.78333333333,258646.8833333333
2022-12-12,668015.86,21,4,33550.735,167003.965
2022-12-13,597015.77,11,3,54255.19,199005.25666666668
2022-12-14,383517.03,12,4,38756.065,95879.2575
2022-12-15,651642.03,11,3,59282.56666666667,217214.01
2022-12-16,1100107.29,26,4,46029.622500000005,275026.8225
2022-12-17,431961.64,14,4,36831.9025,107990.41
2022-12-18,784195.58,22,4,33489.535,196048.895
2022-12-19,610162.2,11,4,52910.292499999996,152540.55
2022-12-20,517757.66000000003,18,4,27614.982500000002,129439.41500000001
2022-12-21,674647.5900000001,15,3,41974.27,224882.53000000003
2022-12-22,424697.94,18,3,23081.38,141565.98
2022-12-23,485273.52,13,3,41922.59333333333,161757.84
2022-12-24,644215.82,22,4,29915.965,161053.955
2022-12-25,245889.18,15,3,18744.899999999998,81963.06
2022-12-26,1065346.1400000001,22,4,47740.84,266336.53500000003
2022-12-27,809408.22,20,4,35941.59,202352.055
2022-12-28,737481.89,20,3,35310.193333333336,245827.29666666666
2022-12-29,733052.49,19,3,37212.26,244350.83
2022-12-30,934840.15,27,4,34809.4825,233710.0375
2022-12-31,722929.75,12,3,53807.69,240976.58333333334
2023-01-01,229287.53,8,4,30295.1475,57321.8825
2023-01-02,636599.27,18,4,35411.884999999995,159149.8175
2023-01-03,1074612.16,21,4,55562.807499999995,268653.04
2023-01-04,442307.26,11,4,41533.7975,110576.815
2023-01-05,1070493.03,19,4,55584.4775,267623.2575
2023-01-06,849574.15,20,3,38096.69,283191.38333333336
2023-01-07,574429.68,17,3,32756.393333333337,191476.56000000003
2023-01-08,1272648.3900000001,21,4,58384.1175,318162.09750000003
2023-01-09,974519.3699999999,19,4,53420.8975,243629.84249999997
2023-01-10,468495.41,14,3,33098.35666666667,156165.13666666666
2023-01-11,795353.1000000001,19,3,41930.299999999996,265117.7
2023-01-12,1041313.2,23,4,43442.9925,260328.3
2023-01-13,1036753.92,18,3,57597.44,345584.64
2023-01-14,532826.75,17,4,32970.76,133206.6875
2023-01-15,867363.26,16,3,54902.38333333334,289121.08666666667
2023-01-16,1068318.17,24,4,45488.89,267079.5425
2023-01-17,986828.3499999999,19,3,48104.35999999999,328942.78333333327
2023-01-18,633342.96,25,4,23718.205,158335.74
2023-01-19,757287.93,19,3,35588.42333333333,252429.31000000003
2023-01-20,390150.4,17,3,24086.68333333333,130050.13333333335
2023-01-21,1189294.43,27,4,40683.7775,297323.6075
2023-01-22,1273902.09,19,3,67355.76666666666,424634.03
2023-01-23,924866.5800000001,21,4,42195.305,231216.64500000002
2023-01-24,191301.69,5,3,38787.86666666667,63767.23
2023-01-25,297852.0,14,4,26803.555,74463.0
2023-01-26,178948.26,11,3,18905.716666666667,59649.420000000006
2023-01-27,864660.45,23,4,42078.045,216165.1125
2023-01-28,610699.35,12,3,51201.22,203566.44999999998
2023-01-29,832579.4099999999,15,4,57876.7875,208144.85249999998
2023-01-30,520048.17,16,3,37168.48,173349.38999999998
2023-01-31,995191.36,17,4,57091.5025,248797.84
2023-02-01,427049.26,17,4,28819.795,106762.315
2023-02-02,1279335.18,24,4,54007.2375,319833.795
2023-02-03,1183083.31,20,3,57963.68333333333,394361.10333333333
2023-02-04,684776.57,16,4,39421.805,171194.1425
2023-02-05,573965.25,13,3,39392.236666666664,191321.75
2023-02-06,838714.11,22,4,42816.55,209678.5275
2023-02-07,650541.64,24,3,26688.966666666664,216847.21333333335
2023-02-08,815122.9400000001,23,4,31147.02,203780.73500000002
2023-02-09,598445.51,15,3,38177.98333333334,199481.83666666667
2023-02-10,956473.59,18,3,52403.38333333333,318824.52999999997
2023-02-11,728333.79,16,4,48313.71,182083.4475
2023-02-12,472434.1,16,3,29193.600000000002,157478.03333333333
2023-02-13,686334.51,13,3,47877.97666666666,228778.17
2023-02-14,843291.58,27,4,31325.69,210822.895
2023-02-15,412867.32,19,3,23735.933333333334,137622.44
2023-02-16,728503.0700000001,15,3,44134.25,242834.3566666667
2023-02-17,595762.54,16,3,37478.67333333333,198587.51333333334
2023-02-18,678861.4500000001,18,4,35354.1425,169715.36250000002
2023-02-19,633943.25,15,3,38028.013333333336,211314.41666666666
2023-02-20,653601.61,17,4,35963.595,163400.4025
2023-02-21,531971.77,25,3,21708.553333333333,177323.92333333334
2023-02-22,430347.56000000006,17,3,22800.786666666667,143449.18666666668
2023-02-23,752991.05,14,3,52028.026666666665,250997.0166666667
2023-02-24,504939.88999999996,19,4,28050.3225,126234.97249999999
2023-02-25,457229.56000000006,14,3,38115.27333333334,152409.85333333336
2023-02-26,606050.6799999999,18,3,29571.543333333335,202016.8933333333
2023-02-27,737272.52,21,4,37086.5725,184318.13
2023-02-28,395212.10000000003,10,3,36877.833333333336,131737.36666666667
2023-03-01,972798.3400000001,27,4,30238.52,243199.58500000002
2023-03-02,473813.27,19,4,31813.185,118453.3175
2023-03-03,283936.43,8,3,36474.59,94645.47666666667
2023-03-04,736731.1799999999,19,4,41637.6875,184182.79499999998
2023-03-05,483941.86,14,3,36727.263333333336,161313.95333333334
2023-03-06,957592.44,23,4,42134.875,239398.11
2023-03-07,921357.21,21,4,36454.7125,230339.3025
2023-03-08,365618.52999999997,10,3,47481.03,121872.84333333332
2023-03-09,861741.95,31,4,28291.6075,215435.4875
2023-03-10,553662.11,20,4,23594.0,138415.5275
2023-03-11,732796.47,18,4,43476.0,183199.1175
2023-03-12,515188.35000000003,16,4,40027.7575,128797.08750000001
2023-03-13,663141.33,20,4,41910.275,165785.3325
2023-03-14,508204.76999999996,13,3,40571.17,169401.59
2023-03-15,1427766.57,25,4,57465.885,356941.6425
2023-03-16,619314.84,16,3,36894.38999999999,206438.28
2023-03-17,561391.76,13,4,35146.6,140347.94
2023-03-18,494332.0,10,3,42616.08666666666,164777.33333333334
2023-03-19,570703.2000000001,12,3,47558.600000000006,190234.40000000002
2023-03-20,1481915.91,23,4,64047.335,370478.9775
2023-03-21,387599.22000000003,13,4,24562.260000000002,96899.80500000001
2023-03-22,842215.76,28,4,31125.385000000002,210553.94
2023-03-23,551634.95,14,3,36432.723333333335,183878.31666666665
2023-03-24,630580.88,15,4,41432.845,157645.22
2023-03-25,536390.1699999999,17,3,30208.203333333335,178796.7233333333
2023-03-26,163201.39,11,3,24451.930000000004,54400.46333333334
2023-03-27,975223.41,18,3,51814.53333333333,325074.47000000003
2023-03-28,440780.28,21,4,23247.3975,110195.07
2023-03-29,230855.05,12,4,35246.1525,57713.7625
2023-03-30,569963.62,11,3,44453.12333333333,189987.87333333332
2023-03-31,935603.52,17,3,44151.41333333333,311867.84
2023-04-01,1189307.01,24,4,50739.235,297326.7525
2023-04-02,679767.6799999999,16,3,38915.503333333334,226589.22666666665
2023-04-03,915365.1,27,4,34197.5625,228841.275
2023-04-04,336731.58999999997,17,3,19218.03,112243.86333333333
2023-04-05,334381.62,8,4,38693.26,83595.405
2023-04-06,632180.86,17,3,46694.4,210726.95333333334
2023-04-07,777896.33,26,4,34086.8425,194474.0825
2023-04-08,867209.88,15,3,57386.82,289069.96
2023-04-09,774590.88,22,4,34129.485,193647.72
2023-04-10,1023285.49,21,4,43557.6825,255821.3725
2023-04-11,749902.25,17,3,36801.88333333333,249967.41666666666
2023-04-12,265944.95,6,3,39698.833333333336,88648.31666666667
2023-04-13,1312717.1800000002,24,4,55967.36,328179.29500000004
2023-04-14,447600.97000000003,14,3,33236.67333333333,149200.32333333333
2023-04-15,414095.32,10,4,39181.2925,103523.83
2023-04-16,559332.13,14,3,40149.496666666666,186444.04333333333
2023-04-17,686116.22,19,4,41230.4375,171529.055
2023-04-18,1047638.52,23,4,43220.3125,261909.63
2023-04-19,1273480.52,24,4,51077.2725,318370.13
2023-04-20,1070734.37,24,4,45092.770000000004,267683.5925
2023-04-21,1110178.2,24,4,46961.042499999996,277544.55
2023-04-22,297473.36,14,4,25379.3925,74368.34
2023-04-23,495947.26,11,3,45852.95333333333,165315.75333333333
2023-04-24,694011.3500000001,18,3,39872.56,231337.1166666667
2023-04-25,328617.51,12,3,30812.64,109539.17
2023-04-26,612798.99,11,4,54395.35,153199.7475
2023-04-27,782899.57,16,4,41140.7375,195724.8925
2023-04-28,503570.91000000003,12,4,38261.3475,125892.72750000001
2023-04-29,840462.0599999999,23,4,40224.96,210115.51499999998
2023-04-30,403110.18,12,3,36022.590000000004,134370.06
2023-05-01,551657.02,26,3,21344.853333333333,183885.67333333334
2023-05-02,414776.31000000006,13,4,32416.495000000003,103694.07750000001
2023-05-03,735706.79,15,3,48272.636666666665,245235.59666666668
2023-05-04,873005.1000000001,17,3,41052.933333333334,291001.7
2023-05-05,963216.8,24,4,39932.6525,240804.2
2023-05-06,1077232.41,21,3,48829.76,359077.47
2023-05-07,717087.99,22,4,42799.6625,179271.9975
2023-05-08,525269.32,15,3,42951.28333333333,175089.77333333332
2023-05-09,445520.98,9,4,47941.7125,111380.245
2023-05-10,1538023.8399999999,26,4,58523.075,384505.95999999996
2023-05-11,1009200.8700000001,22,4,43137.802500000005,252300.21750000003
2023-05-12,592179.79,13,4,40045.912500000006,148044.9475
2023-05-13,498516.77999999997,13,3,42061.67,166172.25999999998
2023-05-14,664559.8200000001,14,4,43303.94,166139.95500000002
2023-05-15,706138.87,13,4,54906.665,176534.7175
2023-05-16,1027374.41,21,4,49806.7175,256843.6025
2023-05-17,539626.04,16,3,34454.426666666666,179875.34666666668
2023-05-18,595479.35,18,4,34180.354999999996,148869.8375
2023-05-19,589165.14,17,3,39635.86000000001,196388.38
2023-05-20,1274015.1,26,4,49423.5125,318503.775
2023-05-21,196117.49,10,3,19423.933333333334,65372.496666666666
2023-05-22,1072502.37,22,3,51622.59666666666,357500.79000000004
2023-05-23,1012405.52,26,4,38437.61,253101.38
2023-05-24,637720.44,18,3,31669.84,212573.47999999998
2023-05-25,544092.86,14,4,43486.395000000004,136023.215
2023-05-26,530292.5700000001,15,4,34405.56,132573.14250000002
2023-05-27,1175713.7999999998,19,4,61799.9725,293928.44999999995
2023-05-28,829126.9099999999,16,3,54267.27,276375.63666666666
2023-05-29,668740.0,16,3,39494.543333333335,222913.33333333334
2023-05-30,1215196.8,27,4,44712.56,303799.2
2023-05-31,953601.35,23,4,48505.2975,238400.3375
2023-06-01,815666.57,23,3,33224.76,271888.85666666663
2023-06-02,688563.4500000001,19,4,35968.5575,172140.86250000002
2023-06-03,937736.19,24,4,38004.4925,234434.0475
2023-06-04,861393.48,20,4,46058.4525,215348.37
2023-06-05,496357.24,17,3,33696.556666666664,165452.41333333333
2023-06-06,521343.51,15,3,28104.430000000004,173781.17
2023-06-07,564061.37,18,3,39715.85666666667,188020.45666666667
2023-06-08,774110.15,21,4,34854.415,193527.5375
2023-06-09,406784.64,20,4,23000.425,101696.16
2023-06-10,1038925.01,22,4,48098.15,259731.2525
2023-06-11,335229.67,10,3,40670.68666666667,111743.22333333333
2023-06-12,286240.08999999997,14,4,18816.8325,71560.02249999999
2023-06-13,986073.69,21,4,45251.377499999995,246518.4225
2023-06-14,744613.6200000001,15,4,48949.4225,186153.40500000003
2023-06-15,730842.73,20,4,41271.68,182710.6825
2023-06-16,302017.83,7,3,40385.193333333336,100672.61
2023-06-17,975251.2000000001,21,3,45912.63333333333,325083.73333333334
2023-06-18,962430.3800000001,24,4,38767.6125,240607.59500000003
2023-06-19,791922.01,18,3,45791.83666666667,263974.00333333336
2023-06-20,420662.94,14,3,33436.58666666666,140220.98
2023-06-21,1025223.5900000001,23,4,40417.707500000004,256305.89750000002
2023-06-22,618315.63,17,4,37096.36,154578.9075
2023-06-23,585979.1699999999,13,3,41195.456666666665,195326.38999999998
2023-06-24,690292.8,19,4,41004.64,172573.2
2023-06-25,422763.6,12,3,34505.683333333334,140921.19999999998
2023-06-26,286931.36,9,4,27998.0225,71732.84
2023-06-27,324426.93000000005,17,3,30145.036666666667,108142.31000000001
2023-06-28,563700.06,16,4,32571.262499999997,140925.015
2023-06-29,346751.86,9,3,37387.03666666666,115583.95333333332
2023-06-30,287341.06,13,3,26482.309999999998,95780.35333333333
2023-07-01,348477.38,12,3,29837.079999999998,116159.12666666666
2023-07-02,958915.96,18,4,52421.6225,239728.99
2023-07-03,475493.26999999996,9,3,45617.90333333333,158497.75666666665
2023-07-04,779343.12,19,3,42180.59333333333,259781.04
2023-07-05,452716.85,14,4,36887.7225,113179.2125
2023-07-06,1150463.05,24,4,44453.2175,287615.7625
2023-07-07,448479.28,14,3,39901.920000000006,149493.09333333335
2023-07-08,991383.62,23,3,43215.63,330461.20666666667
2023-07-09,859117.1699999999,21,4,47624.524999999994,214779.29249999998
2023-07-10,1140210.38,22,4,50217.8025,285052.595
2023-07-11,1422387.07,23,4,61252.97,355596.7675
2023-07-12,1252757.6600000001,28,4,45202.3875,313189.41500000004
2023-07-13,1037511.14,20,4,52077.9225,259377.785
2023-07-14,818664.18,18,3,44864.293333333335,272888.06
2023-07-15,651689.22,30,4,20107.9875,162922.305
2023-07-16,502865.23,12,3,37810.04,167621.74333333332
2023-07-17,814962.51,27,3,30183.796666666673,271654.17
2023-07-18,539249.66,12,3,45428.829999999994,179749.8866666667
2023-07-19,991902.18,27,4,38261.17,247975.545
2023-07-20,751339.23,15,3,49987.56333333333,250446.41
2023-07-21,1272728.46,23,3,51782.64666666667,424242.82
2023-07-22,1137693.5,21,4,45312.277500000004,284423.375
2023-07-23,681682.77,15,3,40281.246666666666,227227.59
2023-07-24,595719.01,13,3,48528.85,198573.00333333333
2023-07-25,668875.62,17,4,42314.2875,167218.905
2023-07-26,593183.3300000001,16,3,34578.333333333336,197727.7766666667
2023-07-27,396980.33,13,3,39193.79,132326.77666666667
2023-07-28,145316.49,3,3,48438.829999999994,48438.829999999994
2023-07-29,687915.73,21,4,35655.8475,171978.9325
2023-07-30,912417.59,22,4,40110.615,228104.3975
2023-07-31,1005909.46,23,4,38605.5225,251477.365
2023-08-01,594828.6000000001,12,3,46089.52,198276.20000000004
2023-08-02,654206.09,17,3,32065.046666666665,218068.69666666666
2023-08-03,420452.8,13,4,31292.2925,105113.2
2023-08-04,275896.58,7,3,43622.14333333333,91965.52666666667
2023-08-05,668432.77,18,3,36074.25666666667,222810.92333333334
2023-08-06,1041718.5800000001,24,4,45301.245,260429.64500000002
2023-08-07,696942.7,14,4,49505.66,174235.675
2023-08-08,277593.58999999997,18,3,15289.163333333332,92531.19666666666
2023-08-09,582122.7,10,3,56323.30333333334,194040.9
2023-08-10,373863.55000000005,10,3,44778.119999999995,124621.18333333335
2023-08-11,754738.59,21,4,34817.115,188684.6475
2023-08-12,1101996.39,28,4,36011.0275,275499.0975
2023-08-13,570513.05,15,4,39391.244999999995,142628.2625
2023-08-14,709002.37,22,4,31429.555,177250.5925
2023-08-15,220975.28,12,3,18414.606666666667,73658.42666666667
2023-08-16,423740.85000000003,15,4,25522.91,105935.21250000001
2023-08-17,419666.77,19,4,26784.8575,104916.6925
2023-08-18,724289.96,18,4,46744.722499999996,181072.49
2023-08-19,644148.07,19,4,35071.32,161037.0175
2023-08-20,1080408.54,18,4,45825.655,270102.135
2023-08-21,282495.77,7,3,34836.94666666666,94165.25666666667
2023-08-22,631321.79,13,3,41044.75,210440.59666666668
2023-08-23,817172.51,18,4,47504.5,204293.1275
2023-08-24,292587.66000000003,10,3,30194.75,97529.22000000002
2023-08-25,794037.23,21,4,34387.67,198509.3075
2023-08-26,617375.4299999999,12,4,42255.8975,154343.85749999998
2023-08-27,239362.07,11,3,31566.183333333334,79787.35666666667
2023-08-28,433494.76,10,3,42170.87,144498.25333333333
2023-08-29,1047261.3999999999,29,4,38889.0875,261815.34999999998
2023-08-30,882660.2000000001,20,4,40490.46,220665.05000000002
2023-08-31,621057.46,19,4,34167.36,155264.365
2023-09-01,372572.74,8,3,44390.73,124190.91333333333
2023-09-02,788094.01,21,4,39973.667499999996,197023.5025
2023-09-03,878429.89,26,4,35858.240000000005,219607.4725
2023-09-04,665161.5700000001,18,4,33048.9625,166290.39250000002
2023-09-05,261380.6,13,3,26779.516666666666,87126.86666666667
2023-09-06,468760.47,18,4,24166.002500000002,117190.1175
2023-09-07,876712.6799999999,23,4,38043.895000000004,219178.16999999998
2023-09-08,405408.29000000004,9,3,44234.93,135136.09666666668
2023-09-09,735343.47,22,4,31594.3325,183835.8675
2023-09-10,869130.7200000001,25,4,41888.7675,217282.68000000002
2023-09-11,931504.06,17,3,59518.80333333334,310501.35333333333
2023-09-12,605332.9299999999,24,4,22476.817499999997,151333.23249999998
2023-09-13,494572.65,14,3,33242.41333333334,164857.55000000002
2023-09-14,687677.58,19,3,36919.619999999995,229225.86
2023-09-15,642811.36,23,4,30682.17,160702.84
2023-09-16,490786.67,13,4,48147.44500000001,122696.6675
2023-09-17,574478.0,15,4,41371.3825,143619.5
2023-09-18,955687.0499999999,19,4,43348.6525,238921.76249999998
2023-09-19,336927.24,15,3,22174.996666666662,112309.08
2023-09-20,908335.67,21,4,38474.1475,227083.9175
2023-09-21,261468.61,16,3,17018.79333333333,87156.20333333332
2023-09-22,855992.85,25,4,29204.81,213998.2125
2023-09-23,1110359.35,26,4,41322.8575,277589.8375
2023-09-24,621440.4,21,4,31748.095,155360.1
2023-09-25,383436.47000000003,9,3,46470.869999999995,127812.15666666668
2023-09-26,960518.0800000001,18,4,46754.305,240129.52000000002
2023-09-27,1080243.74,23,4,44963.9125,270060.935
2023-09-28,384513.4,13,4,40046.042499999996,96128.35
2023-09-29,467630.77,12,4,37429.625,116907.6925
2023-09-30,501776.08999999997,13,3,34925.07,167258.69666666666
2023-10-01,261857.81000000003,10,4,29194.555,65464.45250000001
2023-10-02,333586.44,9,3,43910.68333333333,111195.48
2023-10-03,289289.48,16,3,21775.109999999997,96429.82666666666
2023-10-04,489447.34,18,3,30685.153333333332,163149.11333333334
2023-10-05,910280.63,19,3,47458.363333333335,303426.87666666665
2023-10-06,829850.81,19,3,43187.72666666666,276616.9366666667
2023-10-07,488496.9,12,3,32649.063333333335,162832.30000000002
2023-10-08,840744.01,24,4,35077.707500000004,210186.0025
2023-10-09,988560.97,23,3,40120.12333333333,329520.3233333333
2023-10-10,677381.3200000001,21,3,34174.45333333333,225793.77333333335
2023-10-11,690793.2,15,3,35112.11666666667,230264.4
2023-10-12,457749.20999999996,10,4,44397.5675,114437.30249999999
2023-10-13,862134.83,23,4,40184.3225,215533.7075
2023-10-14,572562.72,11,3,42465.299999999996,190854.24
2023-10-15,871301.87,21,4,45077.15,217825.4675
2023-10-16,482889.2,12,3,39272.81333333333,160963.06666666668
2023-10-17,1199664.6099999999,18,3,65891.51333333332,399888.2033333333
2023-10-18,742996.1300000001,14,4,42583.1375,185749.03250000003
2023-10-19,949547.46,16,3,56441.43,316515.82
2023-10-20,880459.76,20,4,46837.505000000005,220114.94
2023-10-21,582564.61,19,4,27698.5475,145641.1525
2023-10-22,877341.53,17,3,52762.193333333336,292447.1766666667
2023-10-23,529694.23,11,3,49953.10333333333,176564.74333333332
2023-10-24,1085728.1300000001,21,4,47092.8625,271432.03250000003
2023-10-25,910817.26,14,3,65004.81666666667,303605.75333333336
2023-10-26,731988.0999999999,17,3,40823.95333333333,243996.0333333333
2023-10-27,604673.3,21,3,31549.38666666667,201557.7666666667
2023-10-28,690318.29,19,4,31598.269999999997,172579.5725
2023-10-29,824588.9,17,4,46420.8975,206147.225
2023-10-30,391755.59,12,3,29800.38333333333,130585.19666666667
2023-10-31,1015576.7,26,4,38539.215,253894.175
2023-11-01,910136.62,22,4,35970.91,227534.155
2023-11-02,446691.93,12,4,41407.2975,111672.9825
2023-11-03,603483.74,22,4,25811.235,150870.935
2023-11-04,1129808.5899999999,28,4,42901.08,282452.14749999996
2023-11-05,396232.38,12,3,30766.656666666666,132077.46
2023-11-06,423844.7,15,3,28256.313333333335,141281.56666666668
2023-11-07,685258.4099999999,13,3,51713.44333333333,228419.46999999997
2023-11-08,1157489.6,21,4,59087.7025,289372.4
2023-11-09,855485.81,26,4,31423.502500000002,213871.4525
2023-11-10,296537.64999999997,13,3,22864.52333333333,98845.88333333332
2023-11-11,508754.32,12,4,43444.01,127188.58
2023-11-12,701924.7000000001,21,3,38607.0,233974.90000000002
2023-11-13,236207.33000000002,10,3,25207.38666666667,78735.77666666667
2023-11-14,731982.3799999999,22,3,35217.10333333333,243994.12666666662
2023-11-15,720880.86,18,4,38221.755,180220.215
2023-11-16,1259705.25,27,4,47558.7275,314926.3125
2023-11-17,765828.16,17,3,45710.52,255276.05333333334
2023-11-18,302934.95999999996,8,3,38006.59333333333,100978.31999999999
2023-11-19,865123.56,20,3,46807.27,288374.52
2023-11-20,1365553.03,25,3,54875.31,455184.3433333333
2023-11-21,637427.76,13,4,49149.2075,159356.94
2023-11-22,460094.15,16,4,38314.604999999996,115023.5375
2023-11-23,647667.37,19,3,42983.64666666667,215889.12333333332
2023-11-24,463175.8,10,3,37695.36000000001,154391.93333333332
2023-11-25,825030.39,19,4,39293.695,206257.5975
2023-11-26,545231.51,15,4,44829.66,136307.8775
2023-11-27,470687.54000000004,15,3,32757.593333333334,156895.84666666668
2023-11-28,556708.8300000001,17,3,36091.363333333335,185569.61000000002
2023-11-29,199738.13,8,3,21034.18,66579.37666666666
2023-11-30,722583.77,22,4,31467.04,180645.9425
2023-12-01,597312.21,23,4,31518.61,149328.0525
2023-12-02,478924.97,18,4,31412.872499999998,119731.2425
2023-12-03,446475.11,10,3,34764.89,148825.03666666665
2023-12-04,862980.91,16,3,52608.56666666667,287660.30333333334
2023-12-05,915450.95,19,4,41806.2125,228862.7375
2023-12-06,679247.87,21,4,32586.2575,169811.9675
2023-12-07,474000.63,14,3,27319.486666666668,158000.21
2023-12-08,357803.69,12,4,25542.98,89450.9225
2023-12-09,1017612.6,24,4,39373.6575,254403.15
2023-12-10,496579.81,15,3,38500.92,165526.60333333333
2023-12-11,1228648.67,23,4,55814.24,307162.1675
2023-12-12,964221.87,17,3,58740.44666666666,321407.29
2023-12-13,267650.14,9,3,25490.353333333333,89216.71333333333
2023-12-14,535959.15,13,3,41432.29666666667,178653.05000000002
2023-12-15,798092.21,22,3,32434.423333333336,266030.73666666663
2023-12-16,627153.26,17,3,35321.93666666667,209051.08666666667
2023-12-17,944175.04,18,3,53848.83666666667,314725.01333333337
2023-12-18,852749.55,15,3,55878.52333333334,284249.85000000003
2023-12-19,650870.08,19,4,32945.4,162717.52
2023-12-20,607737.0800000001,18,3,39499.996666666666,202579.0266666667
2023-12-21,840730.9500000001,14,3,60479.79666666667,280243.65
2023-12-22,513668.10000000003,15,4,37646.9175,128417.02500000001
2023-12-23,801629.11,20,4,39878.4875,200407.2775
2023-12-24,559727.24,12,4,50283.29,139931.81
2023-12-25,324219.72,12,3,31821.536666666667,108073.23999999999
2023-12-26,799868.6,24,4,35036.4525,199967.15
2023-12-27,545133.14,15,3,33526.06333333333,181711.04666666666
2023-12-28,580826.56,11,3,51750.86000000001,193608.85333333336
2023-12-29,1098069.63,18,3,56986.670000000006,366023.20999999996
2023-12-30,388627.36,11,3,36026.00666666666,129542.45333333332
2023-12-31,862156.79,31,4,28409.9,215539.1975
2024-01-01,941513.1299999999,19,4,51113.605,235378.28249999997
2024-01-02,677621.5,13,3,56725.20333333333,225873.83333333334
2024-01-03,799514.19,17,3,46503.68333333333,266504.73
2024-01-04,763479.45,21,3,35982.60333333333,254493.15
2024-01-05,818727.01,15,4,57208.45,204681.7525
2024-01-06,502761.83,12,3,41608.64666666667,167587.27666666667
2024-01-07,139265.44999999998,4,3,28003.856666666663,46421.81666666666
2024-01-08,688689.99,19,4,37497.64,172172.4975
2024-01-09,433518.04000000004,12,4,41840.0625,108379.51000000001
2024-01-10,409212.04,14,3,33585.886666666665,136404.01333333334
2024-01-11,825471.51,19,4,42209.442500000005,206367.8775
2024-01-12,1499766.23,29,4,49556.4775,374941.5575
2024-01-13,782997.2,16,3,54738.91999999999,260999.06666666665
2024-01-14,805609.04,21,4,44703.1225,201402.26
2024-01-15,416942.0,19,3,29115.143333333337,138980.66666666666
2024-01-16,673383.23,21,4,31520.2925,168345.8075
2024-01-17,455855.92000000004,13,3,40375.03,151951.97333333336
2024-01-18,554197.1799999999,12,3,50550.40666666667,184732.3933333333
2024-01-19,779554.67,19,3,41871.93,259851.55666666667
2024-01-20,966340.6499999999,21,4,49525.3125,241585.16249999998
2024-01-21,238252.5,4,3,60685.496666666666,79417.5
2024-01-22,1118664.6,29,4,39365.575,279666.15
2024-01-23,462338.44,17,3,31620.483333333334,154112.81333333332
2024-01-24,819420.25,19,3,44724.38333333333,273140.0833333333
2024-01-25,780651.86,14,4,54934.4575,195162.965
2024-01-26,817190.11,22,3,37970.44666666666,272396.7033333333
2024-01-27,421211.83,12,3,37377.27333333334,140403.94333333333
2024-01-28,948401.9900000001,21,4,43304.33,237100.49750000003
2024-01-29,830865.0,21,3,39565.0,276955.0
2024-01-30,766425.31,14,3,42218.950000000004,255475.10333333336
2024-01-31,786958.8200000001,14,3,54524.09333333333,262319.6066666667
2024-02-01,704715.1,22,3,35820.96666666667,234905.03333333333
2024-02-02,981826.1599999999,25,4,37896.125,245456.53999999998
2024-02-03,767802.75,15,4,53740.6075,191950.6875
2024-02-04,242122.42,10,3,37236.450000000004,80707.47333333334
2024-02-05,920046.1100000001,19,4,48314.2325,230011.52750000003
2024-02-06,518775.36,14,3,31471.946666666667,172925.12
2024-02-07,1124582.43,21,4,48395.435,281145.6075
2024-02-08,505787.54,10,3,55543.65333333333,168595.84666666665
2024-02-09,458919.36,19,3,24973.853333333333,152973.12
2024-02-10,472414.82999999996,15,3,31214.84,157471.61
2024-02-11,393059.93,8,3,45009.18666666667,131019.97666666667
2024-02-12,914141.2999999999,14,3,60235.97,304713.76666666666
2024-02-13,757655.4199999999,18,3,35785.92,252551.80666666664
2024-02-14,1126002.8699999999,26,4,45861.8325,281500.71749999997
2024-02-15,445807.82999999996,12,3,37840.886666666665,148602.61
2024-02-16,420621.12,17,4,27288.75,105155.28
2024-02-17,1125166.99,19,3,59543.22333333333,375055.66333333333
2024-02-18,737992.5,24,4,31836.0675,184498.125
2024-02-19,644839.42,17,4,46909.08,161209.855
2024-02-20,1182954.1400000001,27,4,42408.3175,295738.53500000003
2024-02-21,161571.03999999998,4,3,41468.316666666666,53857.01333333333
2024-02-22,1134184.1600000001,19,3,59223.37333333333,378061.3866666667
2024-02-23,318078.02999999997,12,4,34094.4675,79519.50749999999
2024-02-24,720881.95,19,3,35703.263333333336,240293.9833333333
2024-02-25,473692.45,17,4,36512.8775,118423.1125
2024-02-26,1207185.26,26,3,46678.69666666666,402395.08666666667
2024-02-27,399417.4,22,4,26712.5,99854.35
2024-02-28,509520.95,17,4,31279.375,127380.2375
2024-02-29,977469.23,16,3,58616.549999999996,325823.07666666666
2024-03-01,703640.34,24,4,28797.005,175910.085
2024-03-02,771254.58,18,3,42557.700000000004,257084.86
2024-03-03,682466.9,21,4,31643.315,170616.725
2024-03-04,955756.3400000001,22,4,44688.8075,238939.08500000002
2024-03-05,488364.28,15,3,27302.98,162788.09333333335
2024-03-06,859547.5,21,3,40930.833333333336,286515.8333333333
2024-03-07,1510775.18,24,3,62421.18,503591.7266666666
2024-03-08,931676.7899999999,25,4,44911.64,232919.19749999998
2024-03-09,748553.0800000001,21,3,30438.76,249517.69333333336
2024-03-10,468327.75,13,4,39004.8775,117081.9375
2024-03-11,426484.17000000004,19,4,23076.4225,106621.04250000001
2024-03-12,1191199.21,24,3,48780.956666666665,397066.4033333333
2024-03-13,566822.49,17,3,31025.63666666667,188940.83
2024-03-14,1143410.99,23,4,46614.1175,285852.7475
2024-03-15,1299081.46,23,4,50622.9825,324770.365
2024-03-16,557050.88,15,3,40055.34666666667,185683.62666666668
2024-03-17,586272.1599999999,15,3,39240.35333333333,195424.05333333332
2024-03-18,491968.18,13,3,33253.416666666664,163989.39333333334
2024-03-19,352493.27,10,3,30413.44,117497.75666666667
2024-03-20,539468.49,10,3,51001.86000000001,179822.83
2024-03-21,602141.6699999999,16,4,34472.455,150535.41749999998
2024-03-22,1087081.76,28,4,37032.655,271770.44
2024-03-23,1038293.0,25,4,39818.17,259573.25
2024-03-24,1099461.3699999999,26,4,42111.2825,274865.34249999997
2024-03-25,580640.98,15,3,37915.829999999994,193546.99333333332
2024-03-26,350466.58999999997,9,3,39491.68,116822.19666666666
2024-03-27,304285.04000000004,20,3,15149.943333333335,101428.34666666668
2024-03-28,776832.6399999999,24,4,27282.015,194208.15999999997
2024-03-29,1180641.8900000001,27,4,39554.185,295160.47250000003
2024-03-30,1020635.01,20,3,47956.73333333334,340211.67
2024-03-31,600307.45,16,3,40525.65,200102.4833333333
2024-04-01,1596769.91,29,4,54450.91,399192.4775
2024-04-02,828167.36,19,4,45343.5925,207041.84
2024-04-03,606863.8999999999,10,3,58587.583333333336,202287.96666666665
2024-04-04,888263.5599999999,15,3,61350.63,296087.85333333333
2024-04-05,513988.06999999995,12,4,34983.5725,128497.01749999999
2024-04-06,832000.55,21,3,37927.14666666667,277333.51666666666
2024-04-07,1067104.21,22,3,49438.32000000001,355701.4033333333
2024-04-08,569359.4299999999,13,3,43901.56333333333,189786.47666666665
2024-04-09,290451.84,7,4,39988.4175,72612.96
2024-04-10,422983.04000000004,11,4,37769.89,105745.76000000001
2024-04-11,741291.02,28,4,26119.947500000002,185322.755
2024-04-12,509913.48000000004,12,4,41178.4225,127478.37000000001
2024-04-13,979752.4099999999,27,4,37271.5225,244938.10249999998
2024-04-14,926989.46,16,4,54595.275,231747.365
2024-04-15,931103.59,17,4,50783.095,232775.8975
2024-04-16,319069.58,14,3,23367.77,106356.52666666667
2024-04-17,291459.68,9,3,40643.666666666664,97153.22666666667
2024-04-18,633413.41,15,3,49380.30333333334,211137.80333333334
2024-04-19,276335.57,10,3,36712.87,92111.85666666667
2024-04-20,934686.48,17,3,54076.276666666665,311562.16
2024-04-21,817561.45,23,3,35140.43,272520.48333333334
2024-04-22,181677.69,9,3,34731.23,60559.23
2024-04-23,1507416.31,27,4,52574.362499999996,376854.0775
2024-04-24,1414774.88,24,4,56810.3725,353693.72
2024-04-25,746647.23,15,3,45746.51,248882.41
2024-04-26,283910.74,11,3,42000.51666666667,94636.91333333333
2024-04-27,1302178.47,25,4,48017.2475,325544.6175
2024-04-28,320370.58999999997,13,3,28990.61,106790.19666666666
2024-04-29,650952.19,14,3,46476.630000000005,216984.06333333332
2024-04-30,335294.36000000004,16,4,27439.844999999998,83823.59000000001
2024-05-01,402435.95999999996,19,3,23924.103333333333,134145.31999999998
2024-05-02,968267.25,25,4,37306.567500000005,242066.8125
2024-05-03,1080687.6800000002,23,3,45135.72666666666,360229.22666666674
2024-05-04,691367.04,18,4,37719.335,172841.76
2024-05-05,544289.49,14,4,43950.11,136072.3725
2024-05-06,1347385.33,30,4,42199.7275,336846.3325
2024-05-07,461613.67,11,3,39085.62333333333,153871.22333333333
2024-05-08,317156.07,12,4,23084.745,79289.0175
2024-05-09,641832.86,10,3,63917.52333333334,213944.28666666665
2024-05-10,326906.23,8,3,38575.22666666666,108968.74333333333
2024-05-11,531947.39,12,3,55070.13999999999,177315.79666666666
2024-05-12,847307.44,16,3,51513.83666666667,282435.8133333333
2024-05-13,541899.53,21,4,28490.870000000003,135474.8825
2024-05-14,820056.54,20,4,37562.935,205014.135
2024-05-15,723075.1,14,3,50895.63333333333,241025.03333333333
2024-05-16,625859.6399999999,15,3,39953.1,208619.87999999998
2024-05-17,969422.13,28,4,33227.182499999995,242355.5325
2024-05-18,411570.71,12,3,32650.716666666664,137190.23666666666
2024-05-19,822474.06,18,4,46871.72,205618.515
2024-05-20,603219.8,20,3,28112.98,201073.2666666667
2024-05-21,644605.4,20,3,28580.543333333335,214868.46666666667
2024-05-22,605709.78,12,4,45375.067500000005,151427.445
2024-05-23,268001.56,9,3,26002.103333333333,89333.85333333333
2024-05-24,762653.49,23,4,37698.7875,190663.3725
2024-05-25,252324.54,7,3,41049.52,84108.18000000001
2024-05-26,668435.8,12,3,55340.32,222811.93333333335
2024-05-27,518567.4,15,3,33126.56,172855.80000000002
2024-05-28,1473910.3499999999,29,4,47363.6275,368477.58749999997
2024-05-29,495028.94,12,3,38796.329999999994,165009.64666666667
2024-05-30,868662.75,22,3,38552.14333333333,289554.25
2024-05-31,757590.8300000001,20,3,42093.013333333336,252530.2766666667
2024-06-01,208523.93,9,3,36360.53,69507.97666666667
2024-06-02,957417.6299999999,32,4,29311.75,239354.40749999997
2024-06-03,959645.7,25,4,39003.3675,239911.425
2024-06-04,545086.62,15,3,34878.31333333333,181695.54
2024-06-05,680039.8,13,4,44742.23,170009.95
2024-06-06,917996.02,18,3,53708.65333333333,305998.67333333334
2024-06-07,369479.68,7,3,56406.013333333336,123159.89333333333
2024-06-08,1040447.8600000001,25,3,41101.676666666666,346815.95333333337
2024-06-09,1270972.7,27,4,47820.7425,317743.175
2024-06-10,472866.09,18,4,25273.455,118216.5225
2024-06-11,809232.28,27,4,34117.8925,202308.07
2024-06-12,645209.44,13,4,41380.6175,161302.36
2024-06-13,686806.25,23,4,29284.475,171701.5625
2024-06-14,497100.92000000004,16,4,26114.6325,124275.23000000001
2024-06-15,649674.5900000001,19,4,42627.957500000004,162418.64750000002
2024-06-16,292671.30000000005,14,4,21557.6125,73167.82500000001
2024-06-17,758289.99,18,4,45320.595,189572.4975
2024-06-18,823915.1799999999,17,3,43977.15333333333,274638.3933333333
2024-06-19,672627.98,13,4,54096.16,168156.995
2024-06-20,595915.03,18,4,30338.502500000002,148978.7575
2024-06-21,1357988.79,31,4,44316.979999999996,339497.1975
2024-06-22,526712.79,15,4,33453.9125,131678.1975
2024-06-23,533200.2,12,4,44070.905,133300.05
2024-06-24,784677.72,17,4,41033.4475,196169.43
2024-06-25,643226.22,16,4,31396.5325,160806.555
2024-06-26,654420.93,18,4,44615.2575,163605.2325
2024-06-27,901932.0800000001,26,4,38900.455,225483.02000000002
2024-06-28,563989.1200000001,13,4,39857.07,140997.28000000003
2024-06-29,747095.52,16,4,49383.54,186773.88
2024-06-30,776071.57,21,3,34166.04666666667,258690.52333333332
2024-07-01,981153.73,17,3,52737.12666666667,327051.24333333335
2024-07-02,1137227.96,25,4,42980.6025,284306.99
2024-07-03,799278.6,16,4,45245.89,199819.65
2024-07-04,424792.30000000005,15,3,35970.67333333333,141597.43333333335
2024-07-05,712445.61,18,4,44550.2975,178111.4025
2024-07-06,249164.04,11,3,26053.603333333333,83054.68000000001
2024-07-07,649963.15,15,3,45530.18,216654.38333333333
2024-07-08,615221.2,20,3,32736.823333333334,205073.7333333333
2024-07-09,701681.47,18,3,34895.76666666667,233893.82333333333
2024-07-10,395503.18,12,3,33225.51666666667,131834.39333333334
2024-07-11,446029.38999999996,16,4,24000.3875,111507.34749999999
2024-07-12,699273.3200000001,17,3,43049.56666666667,233091.1066666667
2024-07-13,1152073.0,26,4,46867.350000000006,288018.25
2024-07-14,890797.7,29,4,30472.864999999998,222699.425
2024-07-15,525425.73,22,3,23768.24,175141.91
2024-07-16,1253527.2599999998,25,3,49164.386666666665,417842.4199999999
2024-07-17,948961.8800000001,24,4,36161.36,237240.47000000003
2024-07-18,177152.56,5,3,33297.78666666667,59050.85333333333
2024-07-19,311277.07,13,3,24140.353333333333,103759.02333333333
2024-07-20,1122927.9100000001,22,4,47747.3125,280731.97750000004
2024-07-21,721645.09,21,4,32316.535,180411.2725
2024-07-22,385838.29,17,3,28414.413333333334,128612.76333333332
2024-07-23,720947.4199999999,20,4,40882.3275,180236.85499999998
2024-07-24,369715.77999999997,10,3,43319.07666666667,123238.59333333332
2024-07-25,463831.6,10,3,35867.543333333335,154610.53333333333
2024-07-26,872505.3200000001,20,3,46269.113333333335,290835.1066666667
2024-07-27,530252.67,12,4,50842.22,132563.1675
2024-07-28,500924.06,12,4,48311.9,125231.015
2024-07-29,390633.83999999997,14,4,20696.24,97658.45999999999
2024-07-30,262136.54,7,4,32053.135000000002,65534.135
2024-07-31,1015696.02,24,4,41354.415,253924.005
2024-08-01,507861.97,12,3,46688.59666666667,169287.32333333333
2024-08-02,905875.12,15,3,56859.670000000006,301958.37333333335
2024-08-03,440149.31000000006,10,3,37041.23,146716.43666666668
2024-08-04,684090.3300000001,19,3,35397.76666666667,228030.11000000002
2024-08-05,1035596.53,25,4,38610.845,258899.1325
2024-08-06,529743.62,14,3,44767.65666666667,176581.20666666667
2024-08-07,311210.14999999997,7,4,44651.3775,77802.53749999999
2024-08-08,496855.65,15,3,29928.180000000004,165618.55000000002
2024-08-09,1120877.2,20,4,55123.3025,280219.3
2024-08-10,811771.4199999999,18,4,44481.5325,202942.85499999998
2024-08-11,242713.3,11,3,24845.39,80904.43333333333
2024-08-12,497454.21,13,3,38917.89666666667,165818.07
2024-08-13,584209.13,19,3,30897.27,194736.37666666668
2024-08-14,635008.5599999999,14,3,44197.87666666667,211669.52
2024-08-15,641361.4099999999,14,4,38743.822499999995,160340.35249999998
2024-08-16,557618.51,16,3,33434.136666666665,185872.83666666667
2024-08-17,917487.41,23,3,39210.556666666664,305829.13666666666
2024-08-18,992926.9199999999,27,4,32010.3025,248231.72999999998
2024-08-19,1068977.11,20,3,48285.24,356325.70333333337
2024-08-20,544530.0700000001,13,3,26969.36666666667,181510.02333333335
2024-08-21,272532.58999999997,17,3,15774.343333333332,90844.19666666666
2024-08-22,240774.52,16,3,17569.77666666667,80258.17333333332
2024-08-23,586603.0700000001,17,3,40559.49,195534.3566666667
2024-08-24,955953.1200000001,28,4,36967.9975,238988.28000000003
2024-08-25,665672.25,17,3,45677.76333333333,221890.75
2024-08-26,593848.37,13,3,40917.91333333333,197949.45666666667
2024-08-27,274500.07,6,3,47877.12,91500.02333333333
2024-08-28,454400.43000000005,14,3,38415.939999999995,151466.81000000003
2024-08-29,246366.19,7,3,35692.87333333333,82122.06333333334
2024-08-30,1181260.28,25,4,51843.1025,295315.07
2024-08-31,554116.09,19,3,25484.193333333333,184705.3633333333
2024-09-01,648466.57,13,4,53806.36,162116.6425
2024-09-02,635372.59,17,4,34636.7575,158843.1475
2024-09-03,397971.04000000004,14,3,27514.586666666666,132657.01333333334
2024-09-04,443355.14,12,3,40136.333333333336,147785.04666666666
2024-09-05,533091.8,20,3,29033.8,177697.2666666667
2024-09-06,680464.53,15,3,45372.15,226821.51
2024-09-07,543484.3300000001,21,4,30268.917500000003,135871.08250000002
2024-09-08,583617.79,22,3,24594.539999999997,194539.26333333334
2024-09-09,910252.14,14,3,63022.426666666666,303417.38
2024-09-10,250782.09,8,3,33170.15666666667,83594.03
2024-09-11,727911.6900000001,16,3,35814.43666666667,242637.23
2024-09-12,375942.39,6,3,55335.99,125314.13
2024-09-13,233898.08,11,3,33218.65,77966.02666666666
2024-09-14,839883.74,19,4,41214.2375,209970.935
2024-09-15,352941.54000000004,10,4,34078.855,88235.38500000001
2024-09-16,335940.23,9,3,43253.443333333336,111980.07666666666
2024-09-17,663771.72,15,3,49850.74,221257.24
2024-09-18,639041.12,18,3,36383.799999999996,213013.70666666667
2024-09-19,1170811.96,28,4,43698.59,292702.99
2024-09-20,707355.9,23,3,29403.963333333333,235785.30000000002
2024-09-21,731927.54,15,4,47926.8725,182981.885
2024-09-22,566008.45,18,3,36339.91,188669.4833333333
2024-09-23,617016.15,20,3,30126.523333333334,205672.05000000002
2024-09-24,762221.0499999999,19,3,39084.28333333333,254073.68333333332
2024-09-25,832124.9099999999,23,3,39192.48,277374.97
2024-09-26,691837.06,14,4,43534.42,172959.265
2024-09-27,579157.36,18,4,29739.0775,144789.34
2024-09-28,750892.4500000001,14,3,49579.93333333333,250297.48333333337
2024-09-29,194352.58000000002,9,3,22674.253333333338,64784.193333333336
2024-09-30,1177231.3499999999,22,4,42856.462499999994,294307.83749999997
2024-10-01,882063.75,23,4,39344.8,220515.9375
2024-10-02,783417.4,21,4,34154.36,195854.35
2024-10-03,1043919.83,28,4,39534.6125,260979.9575
2024-10-04,743739.1200000001,16,3,39687.536666666674,247913.04000000004
2024-10-05,1182728.13,21,4,55624.415,295682.0325
2024-10-06,346921.08,11,3,26817.559999999998,115640.36
2024-10-07,640496.17,15,4,39035.51,160124.0425
2024-10-08,658963.3200000001,20,4,34907.9125,164740.83000000002
